Tool,Ships,VersionsOnDisk,File,TypeName,VersionInFilename,VersionInType,FilenameTypeMismatch,Icon,IconStatus,IconGroup,IconMotif,IconPalette,SizeMB,ArchiveMB,Notes,Decision
AirConCondeserGenerator,SHIP,1,Sops/BuildingProps/AB.AirConCondeserGenerator.1.0.hda,AB::AirConCondeserGenerator::3.0,1.0,3.0,MISMATCH,SOP_AB__AirConCondeserGenerator.svg,ok,Rooftop,rooftop,steel,0.03,0,,
AntennaGenerator,SHIP,1,Sops/BuildingProps/AB.AntennaGenerator.1.0.hda,AB::AntennaGenerator::3.0,1.0,3.0,MISMATCH,SOP_AB__AntennaGenerator.svg,ok,Industrial / Large props,antenna,steel,0.01,0,,
ApartmentRow,superseded,3,Sops/Buildings/AB.ApartmentRow.1.0.hda,AB::ApartmentRow::1.0,1.0,1.0,,SOP_AB__ApartmentRow.svg,,City / Urban,buildings_cluster,steel,0.4,0.4,,
ApartmentRow,superseded,3,Sops/Buildings/AB.ApartmentRow.1.1.hda,AB::ApartmentRow::1.1,1.1,1.1,,SOP_AB__ApartmentRow.svg,,City / Urban,buildings_cluster,steel,0.4,0.4,,
ApartmentRow,SHIP,3,Sops/Buildings/AB.ApartmentRow.1.2.hda,AB::ApartmentRow::1.2,1.2,1.2,,SOP_AB__ApartmentRow.svg,ok,City / Urban,buildings_cluster,steel,0.4,0,,
ArchGenerator,SHIP,1,Sops/Modeling/AB.ArchGenerator.2.0.hda,AB::ArchGenerator::2.0,2.0,2.0,,SOP_AB__ArchGenerator.svg,ok,Facades / Windows / Doors,door,gold,0.05,0,,
ArchitecturalPlantOns,SHIP,1,Sops/PlantOns/AB.ArchitecturalPlantOns.2.0.hda,AB::ArchitecturalPlantOns::2.0,2.0,2.0,,SOP_AB__ArchitecturalPlantOns.svg,ok,Nature / Organic,plant,emerald,0.26,0,,
AwningGenerator,SHIP,1,Sops/BuildingProps/AB.AwningGenerator.2.0.hda,AB::AwningGenerator::2.0,2.0,2.0,,SOP_AB__AwningGenerator.svg,ok,Facades / Windows / Doors,balcony_rail,teal,0.05,0,,
BalconyGenerator,SHIP,1,Sops/BuildingProps/AB.BalconyGenerator.2.0.hda,AB::BalconyGenerator::2.0,2.0,2.0,,SOP_AB__BalconyGenerator.svg,ok,Facades / Windows / Doors,balcony_rail,steel,0.11,0,,
BarbwireGenerator,SHIP,1,Sops/Modeling/AB.BarbwireGenerator.2.0.hda,AB::BarbwireGenerator::2.0,2.0,2.0,,SOP_AB__BarbwireGenerator.svg,ok,Wires / Cables,wire_poles,steel,0.05,0,,
BillboardGenerator,superseded,2,Sops/CityProps/AB.BillboardGenerator.2.0.hda,AB::BillboardGenerator::2.0,2.0,2.0,,SOP_AB__BillboardGenerator.svg,,Signs / Billboards,billboard,amber,0.26,0.26,,
BillboardGenerator,SHIP,2,Sops/CityProps/AB.BillboardGenerator.2.1.hda,AB::BillboardGenerator::2.1,2.1,2.1,,SOP_AB__BillboardGenerator.svg,ok,Signs / Billboards,billboard,amber,0.24,0,,
BlocksRGB,SHIP,1,Sops/CityGen/AB.BlocksRGB.1.0.hda,AB::BlocksRGB::1.0,1.0,1.0,,SOP_AB__BlocksRGB.svg,ok,Data / Visualization,noise_grid,crimson,0.14,0,,
BridgeGenerator,SHIP,1,Sops/CityProps/AB.BridgeGenerator.2.0.hda,AB::BridgeGenerator::2.0,2.0,2.0,,SOP_AB__BridgeGenerator.svg,ok,Roads / Infrastructure,bridge,teal,0.19,0,,
BuildingFootprintGenerator,SHIP,1,Sops/Buildings/AB.BuildingFootprintGenerator.1.0.hda,AB::BuildingFootprintGenerator::1.0,1.0,1.0,,SOP_AB__BuildingFootprintGenerator.svg,ok,City / Urban,noise_grid,slate,0.03,0,,
BuildingLightGenerator,superseded,2,Sops/BuildingProps/AB.BuildingLightGenerator.2.0.hda,AB::BuildingLightGenerator::2.0,2.0,2.0,,SOP_AB__BuildingLightGenerator.svg,,City / Urban,single_tower,gold,0.08,0.08,,
BuildingLightGenerator,SHIP,2,Sops/BuildingProps/AB.BuildingLightGenerator.2.1.hda,AB::BuildingLightGenerator::2.1,2.1,2.1,,SOP_AB__BuildingLightGenerator.svg,ok,City / Urban,single_tower,gold,0.08,0,,
BusStopGenerator,SHIP,1,Sops/CityProps/AB.BusStopGenerator.2.0.hda,AB::BusStopGenerator::2.0,2.0,2.0,,SOP_AB__BusStopGenerator.svg,ok,Street props,street_prop,amber,0.05,0,,
ButtonPanels,superseded,4,Sops/Modeling/AB.ButtonPanels.1.0.hda,AB::ButtonPanels::1.0,1.0,1.0,,SOP_AB__ButtonPanels.svg,,Facades / Windows / Doors,window_facade,cyan,0.03,0.03,,
ButtonPanels,superseded,4,Sops/Modeling/OLD/AB.ButtonPanels.1.0.hda,AB::ButtonPanels::1.0,1.0,1.0,,SOP_AB__ButtonPanels.svg,,Facades / Windows / Doors,window_facade,cyan,0.03,0.03,,
ButtonPanels,superseded,4,Sops/Modeling/AB.ButtonPanels.1.1.hda,AB::ButtonPanels::1.1,1.1,1.1,,SOP_AB__ButtonPanels.svg,,Facades / Windows / Doors,window_facade,cyan,0.03,0.03,,
ButtonPanels,SHIP,4,Sops/Modeling/OLD/sop_AB.ButtonPanels.1.1.hda,AB::ButtonPanels::1.1,1.1,1.1,,SOP_AB__ButtonPanels.svg,ok,Facades / Windows / Doors,window_facade,cyan,0.03,0,,
CeramicPotGenerator,SHIP,1,Sops/SetDressing/AB.CeramicPotGenerator.1.0.hda,AB::CeramicPotGenerator::1.0,1.0,1.0,,SOP_AB__CeramicPotGenerator.svg,ok,Nature / Organic,plant,peach,0.01,0,,
ChainGenerator,SHIP,1,Sops/Modeling/AB.ChainGenerator.3.0.hda,AB::ChainGenerator::3.0,3.0,3.0,,SOP_AB__ChainGenerator.svg,ok,Wires / Cables,wire_poles,amber,0.02,0,,
CircularNoise,SHIP,1,Sops/Utilities/AB.CircularNoise.1.0.hda,AB::CircularNoise::1.0,1.0,1.0,,SOP_AB__CircularNoise.svg,ok,Math / Curves / Noise,radial,violet,0.01,0,,
CityGenerator,superseded,6,Sops/CityGen/AB.CityGenerator.2.0.hda,AB::CityGenerator::2.0,2.0,2.0,,SOP_AB__CityGenerator.svg,,City / Urban,buildings_cluster,emerald,0.22,0.22,,
CityGenerator,superseded,6,Sops/CityGen/AB.CityGenerator.2.1.hda,AB::CityGenerator::2.1,2.1,2.1,,SOP_AB__CityGenerator.svg,,City / Urban,buildings_cluster,emerald,0.24,0.24,,
CityGenerator,superseded,6,Sops/CityGen/AB.CityGenerator.2.2.hda,AB::CityGenerator::2.2,2.2,2.2,,SOP_AB__CityGenerator.svg,,City / Urban,buildings_cluster,emerald,0.28,0.28,,
CityGenerator,superseded,6,Sops/CityGen/AB.CityGenerator.2.3.hda,AB::CityGenerator::2.3,2.3,2.3,,SOP_AB__CityGenerator.svg,,City / Urban,buildings_cluster,emerald,0.27,0.27,,
CityGenerator,superseded,6,Sops/CityGen/AB.CityGenerator.2.4.hda,AB::CityGenerator::2.4,2.4,2.4,,SOP_AB__CityGenerator.svg,,City / Urban,buildings_cluster,emerald,0.36,0.36,,
CityGenerator,SHIP,6,Sops/CityGen/AB.CityGenerator.2.5.hda,AB::CityGenerator::2.5,2.5,2.5,,SOP_AB__CityGenerator.svg,ok,City / Urban,buildings_cluster,emerald,0.48,0,,
CityGridGenerator,superseded,5,Sops/CityGen/AB.CityGridGenerator.1.0.hda,AB::CityGridGenerator::1.0,1.0,1.0,,SOP_AB__CityGridGenerator.svg,,City / Urban,noise_grid,slate,0.06,0.06,,
CityGridGenerator,superseded,5,Sops/CityGen/AB.CityGridGenerator.1.1.hda,AB::CityGridGenerator::1.1,1.1,1.1,,SOP_AB__CityGridGenerator.svg,,City / Urban,noise_grid,slate,0.18,0.18,,
CityGridGenerator,superseded,5,Sops/CityGen/AB.CityGridGenerator.1.2.hda,AB::CityGridGenerator::1.2,1.2,1.2,,SOP_AB__CityGridGenerator.svg,,City / Urban,noise_grid,slate,0.1,0.1,,
CityGridGenerator,superseded,5,Sops/CityGen/AB.CityGridGenerator.1.3.hda,AB::CityGridGenerator::1.3,1.3,1.3,,SOP_AB__CityGridGenerator.svg,,City / Urban,noise_grid,slate,0.1,0.1,,
CityGridGenerator,SHIP,5,Sops/CityGen/AB.CityGridGenerator.1.4.hda,AB::CityGridGenerator::1.4,1.4,1.4,,SOP_AB__CityGridGenerator.svg,ok,City / Urban,noise_grid,slate,0.24,0,,
CliffordAttractor,SHIP,1,Sops/Scatters/AB.CliffordAttractor.1.0.hda,AB::CliffordAttractor::1.0,1.0,1.0,,SOP_AB__CliffordAttractor.svg,ok,Math / Curves / Noise,math_curve,violet,0.01,0,,
ColorByVelocity,SHIP,1,Sops/Utilities/AB.ColorByVelocity.1.0.hda,AB::ColorByVelocity::1.0,1.0,1.0,,SOP_AB__ColorByVelocity.svg,ok,VFX / Lightning,scatter,rose,0.02,0,,
CommercialSignGenerator,SHIP,1,Sops/CityProps/AB.CommercialSignGenerator.4.8.hda,AB::CommercialSignGenerator::4.8,4.8,4.8,,SOP_AB__CommercialSignGenerator.svg,ok,Signs / Billboards,billboard,violet,0.33,0,,
CopyByDensity,SHIP,1,Sops/CopyTools/AB.CopyByDensity.1_0.hda,AB::CopyByDensity::1.0,,1.0,,SOP_AB__CopyByDensity.svg,ok,Scatter / Copy,scatter_copy,teal,0.01,0,,
CopyWithRotation,SHIP,1,Sops/CopyTools/AB.CopyWithRotation.1.0.hda,AB::CopyWithRotation::1.0,1.0,1.0,,SOP_AB__CopyWithRotation.svg,ok,Scatter / Copy,scatter_copy,violet,0.01,0,,
CreateCircuitCurves,SHIP,1,Sops/Curves/AB.CreateCircuitCurves.2.0.hda,AB::CreateCircuitCurves::2.0,2.0,2.0,,SOP_AB__CreateCircuitCurves.svg,ok,Math / Curves / Noise,circuit,violet,0.03,0,,
CreateLODs,SHIP,1,Sops/Utilities/AB.CreateLODs.2.0.hda,AB::CreateLODs::2.0,2.0,2.0,,SOP_AB__CreateLODs.svg,ok,Utility / Code,buildings_cluster,slate,0.01,0,,
CreateRGBNoise,SHIP,1,Sops/Utilities/AB.CreateRGBNoise.1.0.hda,AB::CreateRGBNoise::1.0,1.0,1.0,,SOP_AB__CreateRGBNoise.svg,ok,Data / Visualization,noise_grid,rose,0.02,0,,
CrystalGenerator,SHIP,1,Sops/Natural/AB.CrystalGenerator.1.0.hda,AB::CrystalGenerator::1.0,1.0,1.0,,SOP_AB__CrystalGenerator.svg,ok,Industrial / Large props,math_curve,violet,289.99,0,,
CycGenerator,SHIP,1,Sops/Modeling/AB.CycGenerator.1.0.hda,AB::CycGenerator::1.0,1.0,1.0,,SOP_AB__CycGenerator.svg,ok,Utility / Code,halfpipe,teal,0.01,0,,
DestructionBuilding,SHIP,1,Sops/Buildings/AB.DestructionBuilding.1.0.hda,AB::DestructionBuilding::1.0,1.0,1.0,,SOP_AB__DestructionBuilding.svg,ok,City / Urban,buildings_cluster,crimson,0.31,0,,
DomeGenerator,SHIP,1,Sops/BuildingProps/AB.DomeGenerator.1.0.hda,AB::DomeGenerator::1.0,1.0,1.0,,SOP_AB__DomeGenerator.svg,ok,Industrial / Large props,dome,teal,0.09,0,,
DoorGenerator,SHIP,1,Sops/BuildingProps/AB.DoorGenerator.4.0.hda,AB::DoorGenerator::4.0,4.0,4.0,,SOP_AB__DoorGenerator.svg,ok,Facades / Windows / Doors,door,amber,0.52,0,,
DoorHardware,SHIP,1,Sops/Parts/AB.DoorHardware.2.0.hda,AB::DoorHardware::2.0,2.0,2.0,,SOP_AB__DoorHardware.svg,ok,Facades / Windows / Doors,door,steel,1.04,0,,
DoorsCreateCopies,superseded,4,Sops/BuildingHelpers/AB.DoorsCreateCopies.1.0.hda,AB::DoorsCreateCopies::1.0,1.0,1.0,,SOP_AB__DoorsCreateCopies.svg,,Facades / Windows / Doors,door,slate,0.08,0.08,,
DoorsCreateCopies,superseded,4,Sops/BuildingHelpers/AB.DoorsCreateCopies.1.1.hda,AB::DoorsCreateCopies::1.1,1.1,1.1,,SOP_AB__DoorsCreateCopies.svg,,Facades / Windows / Doors,door,slate,0.09,0.09,,
DoorsCreateCopies,superseded,4,Sops/BuildingHelpers/AB.DoorsCreateCopies.1.2.hda,AB::DoorsCreateCopies::1.2,1.2,1.2,,SOP_AB__DoorsCreateCopies.svg,,Facades / Windows / Doors,door,slate,0.09,0.09,,
DoorsCreateCopies,SHIP,4,Sops/Modeling/OLD/sop_AB.DoorsCreateCopies.1.2.hda,AB::DoorsCreateCopies::1.2,1.2,1.2,,SOP_AB__DoorsCreateCopies.svg,ok,Facades / Windows / Doors,door,slate,0.08,0,,
DowntownBuilding,superseded,7,Sops/Buildings/AB.DowntownBuilding.3.0.hda,AB::DowntownBuilding::3.0,3.0,3.0,,SOP_AB__DowntownBuilding.svg,,City / Urban,single_tower,emerald,0.62,0.62,,
DowntownBuilding,superseded,7,Sops/Buildings/AB.DowntownBuilding.3.1.hda,AB::DowntownBuilding::3.1,3.1,3.1,,SOP_AB__DowntownBuilding.svg,,City / Urban,single_tower,emerald,0.62,0.62,,
DowntownBuilding,superseded,7,Sops/Buildings/AB.DowntownBuilding.3.2.hda,AB::DowntownBuilding::3.2,3.2,3.2,,SOP_AB__DowntownBuilding.svg,,City / Urban,single_tower,emerald,0.69,0.69,,
DowntownBuilding,superseded,7,Sops/Buildings/AB.DowntownBuilding.3.3.hda,AB::DowntownBuilding::3.3,3.3,3.3,,SOP_AB__DowntownBuilding.svg,,City / Urban,single_tower,emerald,0.47,0.47,,
DowntownBuilding,superseded,7,Sops/Buildings/AB.DowntownBuilding.3.4.hda,AB::DowntownBuilding::3.4,3.4,3.4,,SOP_AB__DowntownBuilding.svg,,City / Urban,single_tower,emerald,0.31,0.31,,
DowntownBuilding,superseded,7,Sops/Buildings/AB.DowntownBuilding.3.5.hda,AB::DowntownBuilding::3.5,3.5,3.5,,SOP_AB__DowntownBuilding.svg,,City / Urban,single_tower,emerald,0.35,0.35,,
DowntownBuilding,SHIP,7,Sops/Buildings/AB.DowntownBuilding.3.6.hda,AB::DowntownBuilding::3.6,3.6,3.6,,SOP_AB__DowntownBuilding.svg,ok,City / Urban,single_tower,emerald,0.31,0,,
DroopyWires,SHIP,1,Sops/Modeling/AB.DroopyWires.1.0.hda,AB::DroopyWires::1.0,1.0,1.0,,SOP_AB__DroopyWires.svg,ok,Wires / Cables,wire_poles,slate,0.09,0,,
ElectricalParts,SHIP,1,Sops/Parts/AB.ElectricalParts.2.0.hda,AB::ElectricalParts::2.0,2.0,2.0,,SOP_AB__ElectricalParts.svg,ok,Electrical / Electronic,modules,amber,0.12,0,,
ElectricalPropGenerator,SHIP,1,Sops/BuildingProps/AB.ElectricalPropGenerator.2.0.hda,AB::ElectricalPropGenerator::2.0,2.0,2.0,,SOP_AB__ElectricalPropGenerator.svg,ok,Electrical / Electronic,utility_pole,slate,0.09,0,,
ElectricBoxGenerator,SHIP,1,Sops/CityProps/AB.ElectricBoxGenerator.2.0.hda,AB::ElectricBoxGenerator::2.0,2.0,2.0,,SOP_AB__ElectricBoxGenerator.svg,ok,Electrical / Electronic,modules,cyan,0.04,0,,
ElectronicComponentGenerator,SHIP,1,Sops/Parts/AB.ElectronicComponentGenerator.1.0.hda,AB::ElectronicComponentGenerator::1.0,1.0,1.0,,SOP_AB__ElectronicComponentGenerator.svg,ok,Electrical / Electronic,circuit,cyan,0.1,0,,
EngineAttributes,SHIP,1,Sops/Utilities/AB.EngineAttributes.1.0.hda,AB::EngineAttributes::1.0,1.0,1.0,,SOP_AB__EngineAttributes.svg,ok,Wood,circuit,slate,0.01,0,,
EqualizerGraph,SHIP,1,Sops/MotionGraphics/AB.EqualizerGraph.1.0.hda,AB::EqualizerGraph::1.0,1.0,1.0,,SOP_AB__EqualizerGraph.svg,ok,Data / Visualization,data_bars,violet,0.01,0,,
ExportPack,SHIP,1,Sops/Utilities/AB.ExportPack.1.0.hda,AB::ExportPack::1.0,1.0,1.0,,SOP_AB__ExportPack.svg,ok,Wood,container,steel,0.01,0,,
ExtendedSweep,SHIP,1,Sops/Modeling/AB.ExtendedSweep.2.0.hda,AB::ExtendedSweep::2.0,2.0,2.0,,SOP_AB__ExtendedSweep.svg,ok,Lights,math_curve,violet,0.03,0,,
FancyCurves,SHIP,1,Sops/Curves/AB.FancyCurves.2.0.hda,AB::FancyCurves::2.0,2.0,2.0,,SOP_AB__FancyCurves.svg,ok,Math / Curves / Noise,math_curve,rose,0.06,0,,
FireEscapeGenerator,SHIP,1,Sops/BuildingProps/AB.FireEscapeGenerator.2.0.hda,AB::FireEscapeGenerator::2.0,2.0,2.0,,SOP_AB__FireEscapeGenerator.svg,ok,Ladders / Stairs / Escape,ladder,crimson,0.08,0,,
FireHydrantGenerator,SHIP,1,Sops/CityProps/AB.FireHydrantGenerator.2.0.hda,AB::FireHydrantGenerator::2.0,2.0,2.0,,SOP_AB__FireHydrantGenerator.svg,ok,Street props,street_prop,crimson,0.26,0,,
FlangeGenerator,SHIP,1,Sops/Parts/AB.FlangeGenerator.2.0.hda,AB::FlangeGenerator::2.0,2.0,2.0,,SOP_AB__FlangeGenerator.svg,ok,Pipes / Plumbing,pipe,gold,0.01,0,,
FloatingIslands,SHIP,1,Sops/Natural/AB.FloatingIslands.1.0.hda,AB::FloatingIslands::1.0,1.0,1.0,,SOP_AB__FloatingIslands.svg,ok,Rocks / Terrain,rock,teal,0.14,0,,
Flocking,SHIP,1,Sops/Scatters/AB.Flocking.1.0.hda,AB::Flocking::1.0,1.0,1.0,,SOP_AB__Flocking.svg,ok,Utility / Code,flocking,teal,0.03,0,,
FlowerDesigner,SHIP,1,Sops/Natural/AB.FlowerDesigner.1.0.hda,AB::FlowerDesigner::1.0,1.0,1.0,,SOP_AB__FlowerDesigner.svg,ok,Lights,plant,emerald,0.16,0,,
FlowerGenerator,SHIP,1,Sops/Natural/AB.FlowerGenerator.1.0.hda,AB::FlowerGenerator::1.0,1.0,1.0,,SOP_AB__FlowerGenerator.svg,ok,Nature / Organic,plant,rose,0.15,0,,
FuturisticBuildings,superseded,3,Sops/Buildings/AB.FuturisticBuildings.2.0.hda,AB::FuturisticBuildings::2.0,2.0,2.0,,SOP_AB__FuturisticBuildings.svg,,City / Urban,single_tower,cyan,0.17,0.17,,
FuturisticBuildings,superseded,3,Sops/Buildings/AB.FuturisticBuildings.2.1.hda,AB::FuturisticBuildings::2.1,2.1,2.1,,SOP_AB__FuturisticBuildings.svg,,City / Urban,single_tower,cyan,0.17,0.17,,
FuturisticBuildings,SHIP,3,Sops/Buildings/AB.FuturisticBuildings.2.2.hda,AB::FuturisticBuildings::2.2,2.2,2.2,,SOP_AB__FuturisticBuildings.svg,ok,City / Urban,single_tower,cyan,0.19,0,,
GraphicSigns,SHIP,1,Sops/CityProps/AB.GraphicSigns.2.0.hda,AB::GraphicSigns::2.0,2.0,2.0,,SOP_AB__GraphicSigns.svg,ok,Signs / Billboards,neon,rose,0.04,0,,
GrassGenerator,SHIP,1,Sops/WorldBuilding/AB.GrassGenerator.1.0.hda,AB::GrassGenerator::1.0,1.0,1.0,,SOP_AB__GrassGenerator.svg,ok,Nature / Organic,plant,emerald,0.06,0,,
GroupWalls,SHIP,1,Sops/BuildingHelpers/AB.GroupWalls.2.0.hda,AB::GroupWalls::2.0,2.0,2.0,,SOP_AB__GroupWalls.svg,ok,Facades / Windows / Doors,window_facade,amber,0.0,0,,
GrowthFromPoints,SHIP,1,Sops/MotionGraphics/AB.GrowthFromPoints.1.0.hda,AB::GrowthFromPoints::1.0,1.0,1.0,,SOP_AB__GrowthFromPoints.svg,ok,Utility / Code,growth,emerald,0.04,0,,
HandrailGenerator,SHIP,1,Sops/CityProps/AB.HandrailGenerator.3.0.hda,AB::HandrailGenerator::3.0,3.0,3.0,,SOP_AB__HandrailGenerator.svg,ok,Facades / Windows / Doors,balcony_rail,amber,0.02,0,,
HangingClothGenerator,SHIP,1,Sops/SetDressing/AB.HangingClothGenerator.1.5.hda,AB::HangingClothGenerator::1.5,1.5,1.5,,SOP_AB__HangingClothGenerator.svg,ok,Industrial / Large props,halfpipe,peach,0.09,0,,
HardwareMaker,SHIP,1,Sops/Parts/AB.HardwareMaker.2.0.hda,AB::HardwareMaker::2.0,2.0,2.0,,SOP_AB__HardwareMaker.svg,ok,Industrial / Large props,modules,steel,1.37,0,,
HayBaleGenerator,SHIP,1,Sops/SetDressing/AB.HayBaleGenerator.1.0.hda,AB::HayBaleGenerator::1.0,1.0,1.0,,SOP_AB__HayBaleGenerator.svg,ok,Nature / Organic,wood_planks,amber,0.04,0,,
HighwaySignGenerator,superseded,3,Sops/CityProps/AB.HighwaySignGenerator.4.8.hda,AB::HighwaySignGenerator::4.8,4.8,4.8,,SOP_AB__HighwaySignGenerator.svg,,Signs / Billboards,sign_post,teal,0.33,0.33,,
HighwaySignGenerator,superseded,3,Sops/CityProps/AB.HighwaySignGenerator.4.9.hda,AB::HighwaySignGenerator::4.9,4.9,4.9,,SOP_AB__HighwaySignGenerator.svg,,Signs / Billboards,sign_post,teal,0.31,0.31,,
HighwaySignGenerator,SHIP,3,Sops/CityProps/AB.HighwaySignGenerator.5.0.hda,AB::HighwaySignGenerator::5.0,5.0,5.0,,SOP_AB__HighwaySignGenerator.svg,ok,Signs / Billboards,sign_post,teal,0.36,0,,
HudMaker,SHIP,1,Sops/MotionGraphics/AB.HudMaker.2.0.hda,AB::HudMaker::2.0,2.0,2.0,,SOP_AB__HudMaker.svg,ok,Data / Visualization,data_bars,cyan,0.09,0,,
IndustrialBuildings,superseded,2,Sops/Buildings/AB.IndustrialBuildings.2.0.hda,AB::IndustrialBuildings::2.0,2.0,2.0,,SOP_AB__IndustrialBuildings.svg,,City / Urban,single_tower,steel,0.11,0.11,,
IndustrialBuildings,SHIP,2,Sops/Buildings/AB.IndustrialBuildings.2.1.hda,AB::IndustrialBuildings::2.1,2.1,2.1,,SOP_AB__IndustrialBuildings.svg,ok,City / Urban,single_tower,steel,0.11,0,,
LadderGenerator,SHIP,1,Sops/BuildingProps/AB.LadderGenerator.2.0.hda,AB::LadderGenerator::2.0,2.0,2.0,,SOP_AB__LadderGenerator.svg,ok,Ladders / Stairs / Escape,ladder,slate,0.03,0,,
LargeWalls,SHIP,1,Sops/BuildingProps/AB.LargeWalls.1.0.hda,AB::LargeWalls::1.0,1.0,1.0,,SOP_AB__LargeWalls.svg,ok,Facades / Windows / Doors,window_facade,slate,0.05,0,,
LowPolyTrees,SHIP,1,Sops/Natural/AB.LowPolyTrees.2.0.hda,AB::LowPolyTrees::2.0,2.0,2.0,,SOP_AB__LowPolyTrees.svg,ok,Nature / Organic,plant,teal,0.05,0,,
LowWalls,superseded,2,Sops/BuildingProps/AB.LowWalls.1.0.hda,AB::LowWalls::1.0,1.0,1.0,,SOP_AB__LowWalls.svg,,Facades / Windows / Doors,balcony_rail,slate,0.07,0.07,,
LowWalls,SHIP,2,Sops/BuildingProps/AB.LowWalls.1.1.hda,AB::LowWalls::1.1,1.1,1.1,,SOP_AB__LowWalls.svg,ok,Facades / Windows / Doors,balcony_rail,slate,0.07,0,,
MailBoxGenerator,SHIP,1,Sops/CityProps/AB.MailBoxGenerator.2.0.hda,AB::MailBoxGenerator::2.0,2.0,2.0,,SOP_AB__MailBoxGenerator.svg,ok,Street props,container,teal,0.04,0,,
ManhattenDistance,SHIP,1,Sops/Panels/AB.ManhattenDistance.2.0.hda,AB::ManhattenDistance::2.0,2.0,2.0,,SOP_AB__ManhattenDistance.svg,ok,Math / Curves / Noise,math_curve,amber,0.02,0,,
MaterialBinding,SHIP,1,Sops/Utilities/AB.MaterialBinding.1.0.hda,AB::MaterialBinding::1.0,1.0,1.0,,SOP_AB__MaterialBinding.svg,ok,Wood,noise_grid,gold,0.01,0,,
MaterialLibrary,SHIP,1,Sops/Utilities/AB.MaterialLibrary.1.0.hda,AB::MaterialLibrary::1.0,1.0,1.0,,SOP_AB__MaterialLibrary.svg,ok,Wood,data_bars,gold,0.01,0,,
MetalExtrusionMaker,SHIP,1,Sops/Curves/AB.MetalExtrusionMaker.2.0.hda,AB::MetalExtrusionMaker::2.0,2.0,2.0,,SOP_AB__MetalExtrusionMaker.svg,ok,Utility / Code,halfpipe,steel,0.01,0,,
MModulesArtDeco,SHIP,1,Sops/Modules/AB.ModulesArtDeco.2.0.hda,AB::MModulesArtDeco::2.0,2.0,2.0,,SOP_AB__MModulesArtDeco.svg,ok,City / Urban,modules,gold,0.28,0,,
ModernLightGenerator,SHIP,1,Sops/BuildingProps/AB.ModernLightGenerator.1.0.hda,AOD::ModernLightGenerator::1.0,1.0,1.0,,SOP_AB__ModernLightGenerator.svg,ok,Lights,neon,cyan,0.07,0,,
ModuleAssembler,SHIP,1,Sops/Modules/AB.ModuleAssembler.1.0.hda,AB::ModuleAssembler::1.0,1.0,1.0,,SOP_AB__ModuleAssembler.svg,ok,Module systems,modules,violet,0.02,0,,
ModulesBrutalist,SHIP,1,Sops/Modules/AB.ModulesBrutalist.1.0.hda,AB::ModulesBrutalist::1.0,1.0,1.0,,SOP_AB__ModulesBrutalist.svg,ok,Module systems,modules,slate,0.06,0,,
ModulesClassical,SHIP,1,Sops/Modules/AB.ModulesClassical.2.0.hda,AB::ModulesClassical::1.0,2.0,1.0,MISMATCH,SOP_AB__ModulesClassical.svg,ok,Module systems,modules,gold,0.28,0,,
ModulesCyberPunk,SHIP,1,Sops/Modules/AB.ModulesCyberPunk.2.0.hda,AB::ModulesCyberPunk::2.0,2.0,2.0,,SOP_AB__ModulesCyberPunk.svg,ok,Module systems,modules,cyan,0.47,0,,
ModulesGothic,SHIP,1,Sops/Modules/AB.ModulesGothic.2.0.hda,AB::ModulesGothic::2.0,2.0,2.0,,SOP_AB__ModulesGothic.svg,ok,Module systems,modules,crimson,22.23,0,,
ModulesModernist,SHIP,1,Sops/Modules/AB..ModulesModernist.1.0.hda,AB::ModulesModernist::1.0,1.0,1.0,,SOP_AB__ModulesModernist.svg,ok,Module systems,modules,teal,0.04,0,,
ModulesSkyscrapers,SHIP,1,Sops/Modules/AB.ModulesSkyscrapers.2.0.hda,AB::ModulesSkyscrapers::2.0,2.0,2.0,,SOP_AB__ModulesSkyscrapers.svg,ok,Module systems,modules,emerald,0.02,0,,
MultiAxisPointScatter,SHIP,1,Sops/Scatters/AB.MultiAxisPointScatter.1.0.hda,AB::MultiAxisPointScatter::1.0,1.0,1.0,,SOP_AB__MultiAxisPointScatter.svg,ok,Scatter / Copy,scatter,teal,0.02,0,,
NeonRainbows,SHIP,1,Sops/MotionGraphics/AB.NeonRainbows.1.0.hda,AB::NeonRainbows::1.0,1.0,1.0,,SOP_AB__NeonRainbows.svg,ok,Signs / Billboards,neon,rose,0.02,0,,
NoisyGrid,SHIP,1,Sops/Modeling/AB.NoisyGrid.1.0.hda,AB::NoisyGrid::1.0,1.0,1.0,,SOP_AB__NoisyGrid.svg,ok,Math / Curves / Noise,noise_grid,violet,0.03,0,,
PanelGenerator,SHIP,1,Sops/Panels/AB.PanelGenerator.2.0.hda,AB::PanelGenerator::2.0,2.0,2.0,,SOP_AB__PanelGenerator.svg,ok,Facades / Windows / Doors,window_facade,gold,0.01,0,,
PhylotaxisScatter,SHIP,1,Sops/Scatters/AB..PhylotaxisScatter.1.0.hda,AB::PhylotaxisScatter::1.0,1.0,1.0,,SOP_AB__PhylotaxisScatter.svg,ok,Scatter / Copy,radial,violet,0.01,0,,
PipeCreator,SHIP,1,Sops/Modeling/AB.PipeCreator.2.0.hda,AB::PipeCreator::2.0,2.0,2.0,,SOP_AB__PipeCreator.svg,ok,Pipes / Plumbing,pipe,steel,0.08,0,,
PipesAndEnds,SHIP,1,Sops/Parts/AB.PipesAndEnds.1.0.hda,AB::PipesAndEnds::1.0,1.0,1.0,,SOP_AB__PipesAndEnds.svg,ok,Pipes / Plumbing,pipe,slate,0.05,0,,
PlanterGenerator,SHIP,1,Sops/CityProps/AB.PlanterGenerator.2.0.hda,AB::PlanterGenerator::2.0,2.0,2.0,,SOP_AB__PlanterGenerator.svg,ok,Nature / Organic,plant,amber,0.03,0,,
PlantOnsFuturistic,SHIP,1,Sops/PlantOns/AB.PlantOnsFuturistic.2.0.hda,AB::PlantOnsFuturistic::2.0,2.0,2.0,,SOP_AB__PlantOnsFuturistic.svg,ok,Nature / Organic,plant,cyan,3.68,0,,
PointBlends,SHIP,1,Sops/MotionGraphics/AB.PointBlends.1.0.hda,AB::PointBlends::1.0,1.0,1.0,,SOP_AB__PointBlends.svg,ok,Scatter / Copy,scatter,violet,0.02,0,,
PoleGenerator,SHIP,1,Sops/CityProps/AB.PoleGenerator.1.0.hda,AB::PoleGenerator::1.0,1.0,1.0,,SOP_AB__PoleGenerator.svg,ok,Street props,utility_pole,amber,0.1,0,,
PythonScripter,SHIP,1,Sops/Utilities/AB.PythonScripter.1.0.hda,AB::PythonScripter::1.0,1.0,1.0,,SOP_AB__PythonScripter.svg,ok,Utility / Code,circuit,violet,0.0,0,,
RadialFalloff,SHIP,1,Sops/Utilities/AB.RadialFalloff.1.0.hda,AB::RadialFalloff::1.0,1.0,1.0,,SOP_AB__RadialFalloff.svg,ok,Scatter / Copy,radial,gold,0.01,0,,
RadialPointSort,SHIP,1,Sops/Utilities/AB.RadialPointSort.1.0.hda,AB::RadialPointSort::1.0,1.0,1.0,,SOP_AB__RadialPointSort.svg,ok,Scatter / Copy,radial,amber,0.01,0,,
RadialScatter,SHIP,1,Sops/Utilities/AB.RadialScatter.1.5.hda,AB::RadialScatter::1.5,1.5,1.5,,SOP_AB__RadialScatter.svg,ok,Scatter / Copy,radial,teal,0.02,0,,
RadialScatterVex,SHIP,1,Sops/Scatters/AB.RadialScatterVex.1.0.hda,AB::RadialScatterVex::1.0,1.0,1.0,,SOP_AB__RadialScatterVex.svg,ok,Scatter / Copy,radial,cyan,0.01,0,,
RadialSmoothNoise,SHIP,1,Sops/Utilities/AB.RadialSmoothNoise.1.0.hda,AB::RadialSmoothNoise::1.0,1.0,1.0,,SOP_AB__RadialSmoothNoise.svg,ok,Scatter / Copy,math_curve,violet,0.01,0,,
RandomArcs,SHIP,1,Sops/MotionGraphics/AB.RandomArcs.1.0.hda,AB::RandomArcs::1.0,1.0,1.0,,SOP_AB__RandomArcs.svg,ok,Math / Curves / Noise,math_curve,teal,0.01,0,,
ResortGenerator,SHIP,1,Sops/Buildings/AB.ResortGenerator.3.0.hda,AB::ResortGenerator::3.0,3.0,3.0,,SOP_AB__ResortGenerator.svg,ok,City / Urban,buildings_cluster,teal,0.12,0,,
RetailBuildings,superseded,2,Sops/Buildings/AB.RetailBuildings.3.1.hda,AB::RetailBuildings::3.1,3.1,3.1,,SOP_AB__RetailBuildings.svg,,City / Urban,buildings_cluster,teal,0.11,0.11,,
RetailBuildings,SHIP,2,Sops/Buildings/AB.RetailBuildings.3.2.hda,AB::RetailBuildings::3.2,3.2,3.2,,SOP_AB__RetailBuildings.svg,ok,City / Urban,buildings_cluster,teal,0.16,0,,
RoadSimpleGenerator,superseded,15,Sops/WorldBuilding/AB.RoadSimpleGenerator.2.0.hda,AB::RoadSimpleGenerator::2.0,2.0,2.0,,SOP_AB__RoadSimpleGenerator.svg,,Roads / Infrastructure,road,teal,0.11,0.11,,
RoadSimpleGenerator,superseded,15,Sops/WorldBuilding/AB.RoadSimpleGenerator.2.1.hda,AB::RoadSimpleGenerator::2.1,2.1,2.1,,SOP_AB__RoadSimpleGenerator.svg,,Roads / Infrastructure,road,teal,0.1,0.1,,
RoadSimpleGenerator,superseded,15,Sops/WorldBuilding/AB.RoadSimpleGenerator.2.2.hda,AB::RoadSimpleGenerator::2.2,2.2,2.2,,SOP_AB__RoadSimpleGenerator.svg,,Roads / Infrastructure,road,teal,0.1,0.1,,
RoadSimpleGenerator,superseded,15,Sops/WorldBuilding/AB.RoadSimpleGenerator.2.3.hda,AB::RoadSimpleGenerator::2.3,2.3,2.3,,SOP_AB__RoadSimpleGenerator.svg,,Roads / Infrastructure,road,teal,0.1,0.1,,
RoadSimpleGenerator,superseded,15,Sops/WorldBuilding/AB.RoadSimpleGenerator.2.4.hda,AB::RoadSimpleGenerator::2.4,2.4,2.4,,SOP_AB__RoadSimpleGenerator.svg,,Roads / Infrastructure,road,teal,0.13,0.13,,
RoadSimpleGenerator,superseded,15,Sops/WorldBuilding/AB.RoadSimpleGenerator.2.5.hda,AB::RoadSimpleGenerator::2.5,2.5,2.5,,SOP_AB__RoadSimpleGenerator.svg,,Roads / Infrastructure,road,teal,0.14,0.14,,
RoadSimpleGenerator,superseded,15,Sops/WorldBuilding/AB.RoadSimpleGenerator.2.6.hda,AB::RoadSimpleGenerator::2.6,2.6,2.6,,SOP_AB__RoadSimpleGenerator.svg,,Roads / Infrastructure,road,teal,0.41,0.41,,
RoadSimpleGenerator,superseded,15,Sops/WorldBuilding/AB.RoadSimpleGenerator.2.7.hda,AB::RoadSimpleGenerator::2.7,2.7,2.7,,SOP_AB__RoadSimpleGenerator.svg,,Roads / Infrastructure,road,teal,0.39,0.39,,
RoadSimpleGenerator,superseded,15,Sops/WorldBuilding/AB.RoadSimpleGenerator.2.8.hda,AB::RoadSimpleGenerator::2.8,2.8,2.8,,SOP_AB__RoadSimpleGenerator.svg,,Roads / Infrastructure,road,teal,0.55,0.55,,
RoadSimpleGenerator,superseded,15,Sops/WorldBuilding/AB.RoadSimpleGenerator.2.9.hda,AB::RoadSimpleGenerator::2.9,2.9,2.9,,SOP_AB__RoadSimpleGenerator.svg,,Roads / Infrastructure,road,teal,0.42,0.42,,
RoadSimpleGenerator,superseded,15,Sops/WorldBuilding/AB.RoadSimpleGenerator.3.0.hda,AB::RoadSimpleGenerator::3.0,3.0,3.0,,SOP_AB__RoadSimpleGenerator.svg,,Roads / Infrastructure,road,teal,0.56,0.56,,
RoadSimpleGenerator,superseded,15,Sops/WorldBuilding/AB.RoadSimpleGenerator.3.1.hda,AB::RoadSimpleGenerator::3.1,3.1,3.1,,SOP_AB__RoadSimpleGenerator.svg,,Roads / Infrastructure,road,teal,0.53,0.53,,
RoadSimpleGenerator,superseded,15,Sops/WorldBuilding/AB.RoadSimpleGenerator.3.2.hda,AB::RoadSimpleGenerator::3.2,3.2,3.2,,SOP_AB__RoadSimpleGenerator.svg,,Roads / Infrastructure,road,teal,0.54,0.54,,
RoadSimpleGenerator,superseded,15,Sops/WorldBuilding/AB.RoadSimpleGenerator.3.3.hda,AB::RoadSimpleGenerator::3.3,3.3,3.3,,SOP_AB__RoadSimpleGenerator.svg,,Roads / Infrastructure,road,teal,0.65,0.65,,
RoadSimpleGenerator,SHIP,15,Sops/WorldBuilding/AB.RoadSimpleGenerator.3.4.hda,AB::RoadSimpleGenerator::3.4,3.4,3.4,,SOP_AB__RoadSimpleGenerator.svg,ok,Roads / Infrastructure,road,teal,0.6,0,,
RoadTerrainGenerator,SHIP,1,Sops/WorldBuilding/AB.RoadTerrainGenerator.2.9.hda,AB::RoadTerrainGenerator::2.9,2.9,2.9,,SOP_AB__RoadTerrainGenerator.svg,ok,Roads / Infrastructure,road,teal,0.14,0,,
RockClumps,SHIP,1,Sops/Modeling/AB.RockClumps.2.0.hda,AB::RockClumps::2.0,2.0,2.0,,SOP_AB__RockClumps.svg,ok,Rocks / Terrain,rock,slate,0.05,0,,
RockMaker,SHIP,1,Sops/Natural/AB.RockMaker.2.0.hda,AB::RockMaker::2.0,2.0,2.0,,SOP_AB__RockMaker.svg,ok,Lights,rock,amber,0.07,0,,
RocksArched,SHIP,1,Sops/Natural/AB.RocksArched.2.0.hda,AB::RocksArched::2.0,2.0,2.0,,SOP_AB__RocksArched.svg,ok,Rocks / Terrain,rock,peach,0.04,0,,
RooftopMechanicals,SHIP,1,Sops/BuildingProps/AB.RooftopMechanicals.3.0.hda,AB::RooftopMechanicals::3.0,3.0,3.0,,SOP_AB__RooftopMechanicals.svg,ok,Rooftop,rooftop,gold,0.12,0,,
RooftopProcessor,SHIP,1,Sops/BuildingHelpers/AB.RooftopProcessor.1.0.hda,AB::RooftopProcessor::1.0,1.0,1.0,,SOP_AB__RooftopProcessor.svg,ok,Rooftop,rooftop,slate,0.06,0,,
RoofTopSignGenerator,SHIP,1,Sops/CityProps/AB.RoofTopSignGenerator.4.8.hda,AB::RoofTopSignGenerator::4.8,4.8,4.8,,SOP_AB__RoofTopSignGenerator.svg,ok,Rooftop,sign_post,amber,0.22,0,,
RoofVentGenerator,SHIP,1,Sops/BuildingProps/AB.RoofVentGenerator.3.0.hda,AB::RoofVentGenerator::3.0,3.0,3.0,,SOP_AB__RoofVentGenerator.svg,ok,Rooftop,rooftop,slate,0.05,0,,
SateliteDishGenerator,SHIP,1,Sops/BuildingProps/AB.SateliteDishGenerator.1.0.hda,AB::SateliteDishGenerator::3.0,1.0,3.0,MISMATCH,SOP_AB__SateliteDishGenerator.svg,ok,Industrial / Large props,antenna,slate,0.02,0,,
ShippingContainers,SHIP,1,Sops/CityProps/AB.ShippingContainers.4.0.hda,AB::ShippingContainers::4.0,4.0,4.0,,SOP_AB__ShippingContainers.svg,ok,Industrial / Large props,container,steel,0.05,0,,
SidewalkProcessor,SHIP,1,Sops/CityHelpers/AB.SidewalkProcessor.1.0.hda,AB::SidewalkProcessor::1.0,1.0,1.0,,SOP_AB__SidewalkProcessor.svg,ok,Roads / Infrastructure,road,slate,0.04,0,,
SignHighway,superseded,2,Sops/CityProps/AB.SignHighway.1.0.hda,AB::SignHighway::1.0,1.0,1.0,,SOP_AB__SignHighway.svg,,Signs / Billboards,billboard,teal,0.05,0.05,,
SignHighway,SHIP,2,Sops/CityProps/AB.SignHighway.2.0.hda,AB::SignHighway::1.0,2.0,1.0,MISMATCH,SOP_AB__SignHighway.svg,ok,Signs / Billboards,billboard,teal,0.11,0,,
SignLibrary,SHIP,1,Sops/CityProps/AB.SignLibrary.1.0.hda,AB::SignLibrary::1.0,1.0,1.0,,SOP_AB__SignLibrary.svg,ok,Wood,data_bars,amber,0.04,0,,
SignPlate,SHIP,1,Sops/CityProps/AB.SignPlate.1.0.hda,AB::SignPlate::1.0,1.0,1.0,,SOP_AB__SignPlate.svg,ok,Wood,sign_post,amber,0.01,0,,
SimplePipe,SHIP,1,Sops/Parts/AB.SimplePipe.2.0.hda,AB::SimplePipe::2.0,2.0,2.0,,SOP_AB__SimplePipe.svg,ok,Pipes / Plumbing,pipe,teal,0.01,0,,
SingleBlockGenerator,SHIP,1,Sops/CityGen/AB.SingleBlockGenerator.2.0.hda,AB::SingleBlockGenerator::2.0,2.0,2.0,,SOP_AB__SingleBlockGenerator.svg,ok,Towers / Skyscrapers,single_tower,slate,0.15,0,,
SkylightGenerator,SHIP,1,Sops/BuildingProps/AB.SkylightGenerator.2.0.hda,AB::SkylightGenerator::2.0,2.0,2.0,,SOP_AB__SkylightGenerator.svg,ok,Rooftop,rooftop,cyan,0.06,0,,
SkyscraperGenerator,superseded,2,Sops/Buildings/AB.SkyscraperGenerator.2.0.hda,AB::SkyscraperGenerator::2.0,2.0,2.0,,SOP_AB__SkyscraperGenerator.svg,,Towers / Skyscrapers,single_tower,emerald,0.39,0.39,,
SkyscraperGenerator,SHIP,2,Sops/Buildings/AB.SkyscraperGenerator.2.1.hda,AB::SkyscraperGenerator::2.1,2.1,2.1,,SOP_AB__SkyscraperGenerator.svg,ok,Towers / Skyscrapers,single_tower,emerald,0.4,0,,
SmallBridgeGenerator,SHIP,1,Sops/SetDressing/AB.SmallBridgeGenerator.0.5.hda,AB::SmallBridgeGenerator::1.0,0.5,1.0,MISMATCH,SOP_AB__SmallBridgeGenerator.svg,ok,Roads / Infrastructure,bridge,steel,0.01,0,,
SolarPanelGenerator,SHIP,1,Sops/BuildingProps/AB.SolarPanelGenerator.3.0.hda,AB::SolarPanelGenerator::3.0,3.0,3.0,,SOP_AB__SolarPanelGenerator.svg,ok,Rooftop,solar,gold,0.04,0,,
SpaceFillingCircuit,SHIP,1,Sops/MotionGraphics/AB.SpaceFillingCircuit.1.0.hda,AB::SpaceFillingCircuit::1.0,1.0,1.0,,SOP_AB__SpaceFillingCircuit.svg,ok,Math / Curves / Noise,circuit,emerald,0.03,0,,
SplashTool,SHIP,1,Sops/VFX/AB.SplashTool.1.0.hda,AB::SplashTool::1.0,1.0,1.0,,SOP_AB__SplashTool.svg,ok,VFX / Lightning,scatter,teal,0.08,0,,
StairGenerator,SHIP,1,Sops/BuildingProps/AB.StairGenerator.1.0.hda,AB::StairGenerator::1.0,1.0,1.0,,SOP_AB__StairGenerator.svg,ok,Ladders / Stairs / Escape,stair_steps,steel,0.08,0,,
StairwayTops,SHIP,1,Sops/BuildingProps/AB.StairwayTops.3.0.hda,AB::StairwayTops::3.0,3.0,3.0,,SOP_AB__StairwayTops.svg,ok,Ladders / Stairs / Escape,stair_steps,slate,0.17,0,,
StreetLightGenerator,superseded,3,Sops/CityProps/AB.StreetLightGenerator.2.0.hda,AB::StreetLightGenerator::2.0,2.0,2.0,,SOP_AB__StreetLightGenerator.svg,,Street props,street_prop,amber,0.23,0.23,,
StreetLightGenerator,superseded,3,Sops/CityProps/AB.StreetLightGenerator.2.1.hda,AB::StreetLightGenerator::2.1,2.1,2.1,,SOP_AB__StreetLightGenerator.svg,,Street props,street_prop,amber,0.23,0.23,,
StreetLightGenerator,SHIP,3,Sops/CityProps/AB.StreetLightGenerator.2.2.hda,AB::StreetLightGenerator::2.2,2.2,2.2,,SOP_AB__StreetLightGenerator.svg,ok,Street props,street_prop,amber,0.26,0,,
StreetSignGenerator,superseded,2,Sops/CityProps/AB.StreetSignGenerator.2.0.hda,AB::StreetSignGenerator::2.0,2.0,2.0,,SOP_AB__StreetSignGenerator.svg,,Signs / Billboards,sign_post,amber,0.18,0.18,,
StreetSignGenerator,SHIP,2,Sops/CityProps/AB.StreetSignGenerator.3.0.hda,AB::StreetSignGenerator::3.0,3.0,3.0,,SOP_AB__StreetSignGenerator.svg,ok,Signs / Billboards,sign_post,amber,0.1,0,,
SubdivideLots,SHIP,1,Sops/CityGen/AB.SubdivideLots.2.0.hda,AB::SubdivideLots::2.0,2.0,2.0,,SOP_AB__SubdivideLots.svg,ok,Roads / Infrastructure,noise_grid,slate,0.34,0,,
SuperFormula,SHIP,1,Sops/Modeling/AB.SuperFormula.1.0.hda,AB::SuperFormula::1.0,1.0,1.0,,SOP_AB__SuperFormula.svg,ok,Math / Curves / Noise,math_curve,cyan,0.01,0,,
TowerGenerator,SHIP,1,Sops/CityProps/AB.TowerGenerator.1.0.hda,AB::TowerGenerator::1.0,1.0,1.0,,SOP_AB__TowerGenerator.svg,ok,Towers / Skyscrapers,single_tower,steel,0.08,0,,
TrashCanGenerator,SHIP,1,Sops/CityProps/AB.TrashCanGenerator.2.0.hda,AB::TrashCanGenerator::2.0,2.0,2.0,,SOP_AB__TrashCanGenerator.svg,ok,Street props,street_prop,slate,0.04,0,,
UnrealTerrainWrite,SHIP,1,Sops/Utilities/AB.UnrealTerrainWrite.1.0.hda,AB::UnrealTerrainWrite::1.0,1.0,1.0,,SOP_AB__UnrealTerrainWrite.svg,ok,Utility / Code,road,gold,0.0,0,,
UtilityPoleGenerator,SHIP,1,Sops/CityProps/AB.UtilityPoleGenerator.3.0.hda,AB::UtilityPoleGenerator::3.0,3.0,3.0,,SOP_AB__UtilityPoleGenerator.svg,ok,Electrical / Electronic,utility_pole,slate,0.22,0,,
ValveGenerator,SHIP,1,Sops/Parts/AB.ValveGenerator.2.0.hda,AB::ValveGenerator::2.0,2.0,2.0,,SOP_AB__ValveGenerator.svg,ok,Pipes / Plumbing,pipe,crimson,0.01,0,,
VDBooleans,SHIP,1,Sops/Volume/AB.VDBBooleans.1.0.hda,AB::VDBooleans::1.0,1.0,1.0,,SOP_AB__VDBooleans.svg,ok,Utility / Code,vdb,teal,0.01,0,,
VentGenerator,SHIP,1,Sops/Parts/AB.VentGenerator.2.0.hda,AB::VentGenerator::2.0,2.0,2.0,,SOP_AB__VentGenerator.svg,ok,Pipes / Plumbing,rooftop,steel,0.05,0,,
VexBrancher,SHIP,1,Sops/Modeling/AB.VexBrancher.1.0.hda,AB::VexBrancher::1.0,1.0,1.0,,SOP_AB__VexBrancher.svg,ok,Utility / Code,growth,violet,0.02,0,,
VictorianHouses,superseded,2,Sops/Buildings/AB.VictorianHouses.1.0.hda,AB::VictorianHouses::1.0,1.0,1.0,,SOP_AB__VictorianHouses.svg,,City / Urban,buildings_cluster,peach,0.35,0.35,,
VictorianHouses,SHIP,2,Sops/Buildings/AB.VictorianHouses.1.1.hda,AB::VictorianHouses::1.1,1.1,1.1,,SOP_AB__VictorianHouses.svg,ok,City / Urban,buildings_cluster,peach,0.35,0,,
VisTools,SHIP,1,Sops/Utilities/AB.VisTools.1.0.hda,AB::VisTools::1.0,1.0,1.0,,SOP_AB__VisTools.svg,ok,Data / Visualization,data_bars,teal,0.01,0,,
WaterTankGenerator,SHIP,1,Sops/BuildingProps/AB.WaterTankGenerator.2.0.hda,AB::WaterTankGenerator::2.0,2.0,2.0,,SOP_AB__WaterTankGenerator.svg,ok,Industrial / Large props,water_tank,steel,0.15,0,,
WindowGenerator,SHIP,1,Sops/BuildingProps/AB.WindowGenerator.3.1.hda,AB::WindowGenerator::3.1,3.1,3.1,,SOP_AB__WindowGenerator.svg,ok,Facades / Windows / Doors,window_facade,steel,0.23,0,,
WindowsCreateCopies,SHIP,1,Sops/BuildingHelpers/AB.WindowsCreateCopies.2.0.hda,AB::WindowsCreateCopies::2.0,2.0,2.0,,SOP_AB__WindowsCreateCopies.svg,ok,Facades / Windows / Doors,window_facade,slate,0.02,0,,
WiresWithRings,SHIP,1,Sops/Modeling/AB.WiresWithRings.1.0.1.0.hda,AB::WiresWithRings::1.0,1.0,1.0,,SOP_AB__WiresWithRings.svg,ok,Wires / Cables,wire_poles,gold,0.03,0,,
WoodenPierGenerator,SHIP,1,Sops/SetDressing/AB.WoodenPierGenerator.1.0.hda,AB::WoodenPierGenerator::1.0,1.0,1.0,,SOP_AB__WoodenPierGenerator.svg,ok,Wood,wood_planks,peach,0.03,0,,
WoodPlankGenerator,SHIP,1,Sops/Modeling/AB.WoodPlankGenerator.1.0.1.0.hda,AB::WoodPlankGenerator::1.0,1.0,1.0,,SOP_AB__WoodPlankGenerator.svg,ok,Wood,wood_planks,amber,0.02,0,,
ZoneAudit,SHIP,1,Sops/Utilities/AB.ZoneAudit.1.0.hda,AB::ZoneAudit::1.0,1.0,1.0,,SOP_AB__ZoneAudit.svg,ok,Wood,data_bars,teal,0.01,0,,
