type,name,file,icon_property,embedded_sections,matching_icon_file,state
AB::AirConCondeserGenerator::3.0,AirConCondeserGenerator,Sops/BuildingProps/AB.AirConCondeserGenerator.1.0.hda,SOP_subnet,,SOP_AB__AirConCondeserGenerator.svg,stock
AB::AntennaGenerator::3.0,AntennaGenerator,Sops/BuildingProps/AB.AntennaGenerator.1.0.hda,SOP_subnet,,SOP_AB__AntennaGenerator.svg,stock
AB::ApartmentRow::1.2,ApartmentRow,Sops/Buildings/AB.ApartmentRow.1.2.hda,opdef:/AB::Sop/ApartmentRow::1.2?IconImage,IconImage,SOP_AB__ApartmentRow.svg,has-custom
AB::ArchGenerator::2.0,ArchGenerator,Sops/Modeling/AB.ArchGenerator.2.0.hda,SOP_subnet,,SOP_AB__ArchGenerator.svg,stock
AB::ArchitecturalPlantOns::2.0,ArchitecturalPlantOns,Sops/PlantOns/AB.ArchitecturalPlantOns.2.0.hda,SOP_subnet,,SOP_AB__ArchitecturalPlantOns.svg,stock
AB::AwningGenerator::2.0,AwningGenerator,Sops/BuildingProps/AB.AwningGenerator.2.0.hda,SOP_subnet,,SOP_AB__AwningGenerator.svg,stock
AB::BalconyGenerator::2.0,BalconyGenerator,Sops/BuildingProps/AB.BalconyGenerator.2.0.hda,opdef:/AB::Sop/BalconyGenerator::2.0?IconImage,IconImage,SOP_AB__BalconyGenerator.svg,has-custom
AB::BarbwireGenerator::2.0,BarbwireGenerator,Sops/Modeling/AB.BarbwireGenerator.2.0.hda,SOP_subnet,,SOP_AB__BarbwireGenerator.svg,stock
AB::BillboardGenerator::2.1,BillboardGenerator,Sops/Signs/AB.BillboardGenerator.2.1.hda,SOP_subnet,,SOP_AB__BillboardGenerator.svg,stock
AB::BlocksRGB::1.0,BlocksRGB,Sops/CityGen/AB.BlocksRGB.1.0.hda,opdef:/AB::Sop/BlocksRGB::1.0?IconSVG,AOD-HO-icon-assembleBlocks.svg;IconSVG,SOP_AB__BlocksRGB.svg,has-custom
AB::BridgeGenerator::2.0,BridgeGenerator,Sops/CityProps/AB.BridgeGenerator.2.0.hda,SOP_subnet,,SOP_AB__BridgeGenerator.svg,stock
AB::BuildingFootprintGenerator::1.0,BuildingFootprintGenerator,Sops/Buildings/AB.BuildingFootprintGenerator.1.0.hda,SOP_subnet,,SOP_AB__BuildingFootprintGenerator.svg,stock
AB::BuildingLightGenerator::2.1,BuildingLightGenerator,Sops/BuildingProps/AB.BuildingLightGenerator.2.1.hda,SOP_subnet,,SOP_AB__BuildingLightGenerator.svg,stock
AB::BusStopGenerator::2.0,BusStopGenerator,Sops/CityProps/AB.BusStopGenerator.2.0.hda,SOP_subnet,,SOP_AB__BusStopGenerator.svg,stock
AB::ButtonPanels::1.1,ButtonPanels,Sops/Modeling/AB.ButtonPanels.1.1.hda,SOP_subnet,,SOP_AB__ButtonPanels.svg,stock
AB::CameraFrustrum::1.0,CameraFrustrum,Obj/Utilities/AB.CameraFrustrum.1.0.hda,OBJ_geo,,SOP_AB__CameraFrustrum.svg,other
AB::CameraPathToUE::1.0,CameraPathToUE,Obj/Utilities/AB.CameraPathToUE.1.0.hda,MISC_digital_asset,,SOP_AB__CameraPathToUE.svg,other
AB::CeramicPotGenerator::1.0,CeramicPotGenerator,Sops/SetDressing/AB.CeramicPotGenerator.1.0.hda,SOP_subnet,,SOP_AB__CeramicPotGenerator.svg,stock
AB::ChainGenerator::3.0,ChainGenerator,Sops/Modeling/AB.ChainGenerator.3.0.hda,SOP_subnet,,SOP_AB__ChainGenerator.svg,stock
AB::CircularNoise::1.0,CircularNoise,Sops/Utilities/AB.CircularNoise.1.0.hda,SOP_subnet,,SOP_AB__CircularNoise.svg,stock
AB::CityGenerator::2.5,CityGenerator,Sops/CityGen/AB.CityGenerator.2.5.hda,opdef:/AB::Sop/CityGenerator::2.5?IconSVG,AOD-HO-ICON-DowntownBuildingFromBlocks.svg;IconSVG,SOP_AB__CityGenerator.svg,has-custom
AB::CityGridGenerator::1.4,CityGridGenerator,Sops/CityGen/AB.CityGridGenerator.1.4.hda,opdef:/AB::Sop/CityGridGenerator::1.4?IconSVG,AOD-HO-icon-assembleBlocks.svg;IconSVG,SOP_AB__CityGridGenerator.svg,has-custom
AB::CliffordAttractor::1.0,CliffordAttractor,Sops/Scatters/AB.CliffordAttractor.1.0.hda,SOP_subnet,,SOP_AB__CliffordAttractor.svg,stock
AB::ColorByVelocity::1.0,ColorByVelocity,Sops/Utilities/AB.ColorByVelocity.1.0.hda,SOP_subnet,,SOP_AB__ColorByVelocity.svg,stock
AB::CommercialSignGenerator::4.8,CommercialSignGenerator,Sops/Signs/AB.CommercialSignGenerator.4.8.hda,opdef:/AB::Sop/CommercialSignGenerator::4.8?IconSVG,IconSVG,SOP_AB__CommercialSignGenerator.svg,has-custom
AB::CopyByDensity::1.0,CopyByDensity,Sops/CopyTools/AB.CopyByDensity.1_0.hda,SOP_subnet,,SOP_AB__CopyByDensity.svg,stock
AB::CopyWithRotation::1.0,CopyWithRotation,Sops/CopyTools/AB.CopyWithRotation.1.0.hda,SOP_subnet,,SOP_AB__CopyWithRotation.svg,stock
AB::CreateCircuitCurves::2.0,CreateCircuitCurves,Sops/Curves/AB.CreateCircuitCurves.2.0.hda,opdef:/AB::Sop/CreateCircuitCurves::2.0?IconSVG,IconSVG,SOP_AB__CreateCircuitCurves.svg,has-custom
AB::CreateLODs::2.0,CreateLODs,Sops/Utilities/AB.CreateLODs.2.0.hda,SOP_subnet,,SOP_AB__CreateLODs.svg,stock
AB::CreateRGBNoise::1.0,CreateRGBNoise,Sops/Utilities/AB.CreateRGBNoise.1.0.hda,SOP_subnet,,SOP_AB__CreateRGBNoise.svg,stock
AB::CrystalGenerator::1.0,CrystalGenerator,Sops/Natural/AB.CrystalGenerator.1.0.hda,SOP_subnet,,SOP_AB__CrystalGenerator.svg,stock
AB::CycGenerator::1.0,CycGenerator,Sops/Modeling/AB.CycGenerator.1.0.hda,SOP_subnet,,SOP_AB__CycGenerator.svg,stock
AB::DestructionBuilding::1.0,DestructionBuilding,Sops/Buildings/AB.DestructionBuilding.1.0.hda,opdef:/AB::Sop/DestructionBuilding::1.0?IconImage,IconImage,SOP_AB__DestructionBuilding.svg,has-custom
AB::DomeGenerator::1.0,DomeGenerator,Sops/BuildingProps/AB.DomeGenerator.1.0.hda,SOP_subnet,,SOP_AB__DomeGenerator.svg,stock
AB::DoorGenerator::4.0,DoorGenerator,Sops/BuildingProps/AB.DoorGenerator.4.0.hda,opdef:/AB::Sop/DoorGenerator::4.0?IconSVG,AOD-HO-icon-doorMaker.svg;IconSVG,SOP_AB__DoorGenerator.svg,has-custom
AB::DoorHardware::2.0,DoorHardware,Sops/Parts/AB.DoorHardware.2.0.hda,SOP_subnet,,SOP_AB__DoorHardware.svg,stock
AB::DoorsCreateCopies::1.2,DoorsCreateCopies,Sops/BuildingHelpers/AB.DoorsCreateCopies.1.2.hda,SOP_subnet,,SOP_AB__DoorsCreateCopies.svg,stock
AB::DowntownBuilding::3.6,DowntownBuilding,Sops/Buildings/AB.DowntownBuilding.3.6.hda,opdef:/AB::Sop/DowntownBuilding::3.6?IconImage,IconImage,SOP_AB__DowntownBuilding.svg,has-custom
AB::DroopyWires::1.0,DroopyWires,Sops/Modeling/AB.DroopyWires.1.0.hda,SOP_subnet,,SOP_AB__DroopyWires.svg,stock
AB::ElectricBoxGenerator::2.0,ElectricBoxGenerator,Sops/CityProps/AB.ElectricBoxGenerator.2.0.hda,SOP_subnet,,SOP_AB__ElectricBoxGenerator.svg,stock
AB::ElectricalParts::2.0,ElectricalParts,Sops/Parts/AB.ElectricalParts.2.0.hda,SOP_subnet,,SOP_AB__ElectricalParts.svg,stock
AB::ElectricalPropGenerator::2.0,ElectricalPropGenerator,Sops/BuildingProps/AB.ElectricalPropGenerator.2.0.hda,SOP_subnet,,SOP_AB__ElectricalPropGenerator.svg,stock
AB::ElectronicComponentGenerator::1.0,ElectronicComponentGenerator,Sops/Parts/AB.ElectronicComponentGenerator.1.0.hda,SOP_subnet,,SOP_AB__ElectronicComponentGenerator.svg,stock
AB::EngineAttributes::1.0,EngineAttributes,Sops/Utilities/AB.EngineAttributes.1.0.hda,SOP_subnet,,SOP_AB__EngineAttributes.svg,stock
AB::EqualizerGraph::1.0,EqualizerGraph,Sops/MotionGraphics/AB.EqualizerGraph.1.0.hda,SOP_subnet,,SOP_AB__EqualizerGraph.svg,stock
AB::ExportPack::1.0,ExportPack,Sops/Utilities/AB.ExportPack.1.0.hda,SOP_subnet,,SOP_AB__ExportPack.svg,stock
AB::ExtendedSweep::2.0,ExtendedSweep,Sops/Modeling/AB.ExtendedSweep.2.0.hda,SOP_subnet,,SOP_AB__ExtendedSweep.svg,stock
AB::FancyCurves::2.0,FancyCurves,Sops/Curves/AB.FancyCurves.2.0.hda,SOP_subnet,,SOP_AB__FancyCurves.svg,stock
AB::FireEscapeGenerator::2.0,FireEscapeGenerator,Sops/BuildingProps/AB.FireEscapeGenerator.2.0.hda,SOP_subnet,,SOP_AB__FireEscapeGenerator.svg,stock
AB::FireHydrantGenerator::2.0,FireHydrantGenerator,Sops/CityProps/AB.FireHydrantGenerator.2.0.hda,SOP_subnet,,SOP_AB__FireHydrantGenerator.svg,stock
AB::FlangeGenerator::2.0,FlangeGenerator,Sops/Parts/AB.FlangeGenerator.2.0.hda,SOP_subnet,,SOP_AB__FlangeGenerator.svg,stock
AB::FloatingIslands::1.0,FloatingIslands,Sops/Natural/AB.FloatingIslands.1.0.hda,opdef:/AB::Sop/FloatingIslands::1.0?IconSVG,IconSVG,SOP_AB__FloatingIslands.svg,has-custom
AB::Flocking::1.0,Flocking,Sops/Scatters/AB.Flocking.1.0.hda,SOP_subnet,,SOP_AB__Flocking.svg,stock
AB::FlowerDesigner::1.0,FlowerDesigner,Sops/Natural/AB.FlowerDesigner.1.0.hda,SOP_subnet,,SOP_AB__FlowerDesigner.svg,stock
AB::FlowerGenerator::1.0,FlowerGenerator,Sops/Natural/AB.FlowerGenerator.1.0.hda,SOP_subnet,,SOP_AB__FlowerGenerator.svg,stock
AB::FuturisticBuildings::2.2,FuturisticBuildings,Sops/Buildings/AB.FuturisticBuildings.2.2.hda,SOP_subnet,,SOP_AB__FuturisticBuildings.svg,stock
AB::GraphicSigns::2.0,GraphicSigns,Sops/Signs/AB.GraphicSigns.2.0.hda,SOP_subnet,,SOP_AB__GraphicSigns.svg,stock
AB::GrassGenerator::1.0,GrassGenerator,Sops/WorldBuilding/AB.GrassGenerator.1.0.hda,SOP_subnet,,SOP_AB__GrassGenerator.svg,stock
AB::GroupWalls::2.0,GroupWalls,Sops/BuildingHelpers/AB.GroupWalls.2.0.hda,SOP_subnet,,SOP_AB__GroupWalls.svg,stock
AB::GrowthFromPoints::1.0,GrowthFromPoints,Sops/MotionGraphics/AB.GrowthFromPoints.1.0.hda,SOP_subnet,,SOP_AB__GrowthFromPoints.svg,stock
AB::HandrailGenerator::3.0,HandrailGenerator,Sops/CityProps/AB.HandrailGenerator.3.0.hda,SOP_subnet,,SOP_AB__HandrailGenerator.svg,stock
AB::HangingClothGenerator::1.5,HangingClothGenerator,Sops/SetDressing/AB.HangingClothGenerator.1.5.hda,SOP_subnet,,SOP_AB__HangingClothGenerator.svg,stock
AB::HardwareMaker::2.0,HardwareMaker,Sops/Parts/AB.HardwareMaker.2.0.hda,SOP_subnet,,SOP_AB__HardwareMaker.svg,stock
AB::HayBaleGenerator::1.0,HayBaleGenerator,Sops/SetDressing/AB.HayBaleGenerator.1.0.hda,SOP_subnet,,SOP_AB__HayBaleGenerator.svg,stock
AB::HighwaySignGenerator::5.0,HighwaySignGenerator,Sops/Signs/AB.HighwaySignGenerator.5.0.hda,opdef:/AB::Sop/HighwaySignGenerator::5.0?IconSVG,IconSVG,SOP_AB__HighwaySignGenerator.svg,has-custom
AB::HudMaker::2.0,HudMaker,Sops/MotionGraphics/AB.HudMaker.2.0.hda,SOP_subnet,,SOP_AB__HudMaker.svg,stock
AB::IndustrialBuildings::2.1,IndustrialBuildings,Sops/Buildings/AB.IndustrialBuildings.2.1.hda,SOP_subnet,,SOP_AB__IndustrialBuildings.svg,stock
AB::LadderGenerator::2.0,LadderGenerator,Sops/BuildingProps/AB.LadderGenerator.2.0.hda,SOP_subnet,,SOP_AB__LadderGenerator.svg,stock
AB::LargeWalls::1.0,LargeWalls,Sops/BuildingProps/AB.LargeWalls.1.0.hda,SOP_subnet,,SOP_AB__LargeWalls.svg,stock
AB::LightningMaker::1.5,LightningMaker,Obj/VFX/AB.LightningMaker.1.5.hda,MISC_digital_asset,,SOP_AB__LightningMaker.svg,other
AB::LowPolyTrees::2.0,LowPolyTrees,Sops/Natural/AB.LowPolyTrees.2.0.hda,SOP_subnet,,SOP_AB__LowPolyTrees.svg,stock
AB::LowWalls::1.1,LowWalls,Sops/BuildingProps/AB.LowWalls.1.1.hda,SOP_subnet,,SOP_AB__LowWalls.svg,stock
AB::MModulesArtDeco::2.0,MModulesArtDeco,Sops/Modules/AB.ModulesArtDeco.2.0.hda,SOP_subnet,,SOP_AB__MModulesArtDeco.svg,stock
AB::MailBoxGenerator::2.0,MailBoxGenerator,Sops/CityProps/AB.MailBoxGenerator.2.0.hda,SOP_subnet,,SOP_AB__MailBoxGenerator.svg,stock
AB::ManhattenDistance::2.0,ManhattenDistance,Sops/Panels/AB.ManhattenDistance.2.0.hda,SOP_subnet,,SOP_AB__ManhattenDistance.svg,stock
AB::MaterialAssignments::1.0,MaterialAssignments,Sops/Utilities/AB.MaterialAssignments.1.0.hda,SOP_subnet,,SOP_AB__MaterialAssignments.svg,stock
AB::MaterialBinding::1.0,MaterialBinding,Sops/Utilities/AB.MaterialBinding.1.0.hda,SOP_subnet,,SOP_AB__MaterialBinding.svg,stock
AB::MaterialLibrary::1.0,MaterialLibrary,Sops/Utilities/AB.MaterialLibrary.1.0.hda,SOP_subnet,,SOP_AB__MaterialLibrary.svg,stock
AB::MetalExtrusionMaker::2.0,MetalExtrusionMaker,Sops/Curves/AB.MetalExtrusionMaker.2.0.hda,SOP_subnet,,SOP_AB__MetalExtrusionMaker.svg,stock
AB::ModernLightGenerator::1.0,ModernLightGenerator,Sops/BuildingProps/AB.ModernLightGenerator.1.0.hda,SOP_subnet,,SOP_AB__ModernLightGenerator.svg,stock
AB::ModuleAssembler::1.0,ModuleAssembler,Sops/Modules/AB.ModuleAssembler.1.0.hda,SOP_subnet,,SOP_AB__ModuleAssembler.svg,stock
AB::ModulesBrutalist::1.0,ModulesBrutalist,Sops/Modules/AB.ModulesBrutalist.1.0.hda,SOP_subnet,,SOP_AB__ModulesBrutalist.svg,stock
AB::ModulesClassical::1.0,ModulesClassical,Sops/Modules/AB.ModulesClassical.2.0.hda,SOP_subnet,,SOP_AB__ModulesClassical.svg,stock
AB::ModulesCyberPunk::2.0,ModulesCyberPunk,Sops/Modules/AB.ModulesCyberPunk.2.0.hda,SOP_subnet,,SOP_AB__ModulesCyberPunk.svg,stock
AB::ModulesGothic::2.0,ModulesGothic,Sops/Modules/AB.ModulesGothic.2.0.hda,SOP_subnet,,SOP_AB__ModulesGothic.svg,stock
AB::ModulesModernist::1.0,ModulesModernist,Sops/Modules/AB.ModulesModernist.1.0.hda,SOP_subnet,,SOP_AB__ModulesModernist.svg,stock
AB::ModulesSkyscrapers::2.0,ModulesSkyscrapers,Sops/Modules/AB.ModulesSkyscrapers.2.0.hda,SOP_subnet,,SOP_AB__ModulesSkyscrapers.svg,stock
AB::MultiAxisPointScatter::1.0,MultiAxisPointScatter,Sops/Scatters/AB.MultiAxisPointScatter.1.0.hda,SOP_subnet,,SOP_AB__MultiAxisPointScatter.svg,stock
AB::NeonRainbows::1.0,NeonRainbows,Sops/MotionGraphics/AB.NeonRainbows.1.0.hda,SOP_subnet,,SOP_AB__NeonRainbows.svg,stock
AB::NoisyGrid::1.0,NoisyGrid,Sops/Modeling/AB.NoisyGrid.1.0.hda,SOP_subnet,,SOP_AB__NoisyGrid.svg,stock
AB::PanelGenerator::2.0,PanelGenerator,Sops/Panels/AB.PanelGenerator.2.0.hda,SOP_subnet,,SOP_AB__PanelGenerator.svg,stock
AB::PhylotaxisScatter::1.0,PhylotaxisScatter,Sops/Scatters/AB..PhylotaxisScatter.1.0.hda,SOP_subnet,,SOP_AB__PhylotaxisScatter.svg,stock
AB::PipeCreator::2.0,PipeCreator,Sops/Modeling/AB.PipeCreator.2.0.hda,SOP_subnet,,SOP_AB__PipeCreator.svg,stock
AB::PipesAndEnds::1.0,PipesAndEnds,Sops/Parts/AB.PipesAndEnds.1.0.hda,SOP_subnet,,SOP_AB__PipesAndEnds.svg,stock
AB::PlantOnsFuturistic::2.0,PlantOnsFuturistic,Sops/PlantOns/AB.PlantOnsFuturistic.2.0.hda,SOP_subnet,,SOP_AB__PlantOnsFuturistic.svg,stock
AB::PlanterGenerator::2.0,PlanterGenerator,Sops/CityProps/AB.PlanterGenerator.2.0.hda,SOP_subnet,,SOP_AB__PlanterGenerator.svg,stock
AB::PointBlends::1.0,PointBlends,Sops/MotionGraphics/AB.PointBlends.1.0.hda,SOP_subnet,,SOP_AB__PointBlends.svg,stock
AB::PoleGenerator::1.0,PoleGenerator,Sops/Signs/AB.PoleGenerator.1.0.hda,opdef:/AB::Sop/PoleGenerator::1.0?IconSVG,IconSVG,SOP_AB__PoleGenerator.svg,has-custom
AB::PythonScripter::1.0,PythonScripter,Sops/Utilities/AB.PythonScripter.1.0.hda,SOP_subnet,,SOP_AB__PythonScripter.svg,stock
AB::RadialFalloff::1.0,RadialFalloff,Sops/Utilities/AB.RadialFalloff.1.0.hda,SOP_subnet,,SOP_AB__RadialFalloff.svg,stock
AB::RadialPointSort::1.0,RadialPointSort,Sops/Utilities/AB.RadialPointSort.1.0.hda,SOP_subnet,,SOP_AB__RadialPointSort.svg,stock
AB::RadialScatter::1.5,RadialScatter,Sops/Utilities/AB.RadialScatter.1.5.hda,SOP_subnet,,SOP_AB__RadialScatter.svg,stock
AB::RadialScatterVex::1.0,RadialScatterVex,Sops/Scatters/AB.RadialScatterVex.1.0.hda,SOP_subnet,,SOP_AB__RadialScatterVex.svg,stock
AB::RadialSmoothNoise::1.0,RadialSmoothNoise,Sops/Utilities/AB.RadialSmoothNoise.1.0.hda,SOP_subnet,,SOP_AB__RadialSmoothNoise.svg,stock
AB::RandomArcs::1.0,RandomArcs,Sops/MotionGraphics/AB.RandomArcs.1.0.hda,SOP_subnet,,SOP_AB__RandomArcs.svg,stock
AB::ResortGenerator::3.0,ResortGenerator,Sops/Buildings/AB.ResortGenerator.3.0.hda,SOP_subnet,,SOP_AB__ResortGenerator.svg,stock
AB::RetailBuildings::3.2,RetailBuildings,Sops/Buildings/AB.RetailBuildings.3.2.hda,SOP_subnet,,SOP_AB__RetailBuildings.svg,stock
AB::RoadSimpleGenerator::3.4,RoadSimpleGenerator,Sops/WorldBuilding/AB.RoadSimpleGenerator.3.4.hda,SOP_subnet,,SOP_AB__RoadSimpleGenerator.svg,stock
AB::RoadTerrainGenerator::2.9,RoadTerrainGenerator,Sops/WorldBuilding/AB.RoadTerrainGenerator.2.9.hda,SOP_subnet,,SOP_AB__RoadTerrainGenerator.svg,stock
AB::RockClumps::2.0,RockClumps,Sops/Modeling/AB.RockClumps.2.0.hda,SOP_subnet,,SOP_AB__RockClumps.svg,stock
AB::RockMaker::2.0,RockMaker,Sops/Natural/AB.RockMaker.2.0.hda,SOP_subnet,,SOP_AB__RockMaker.svg,stock
AB::RocksArched::2.0,RocksArched,Sops/Natural/AB.RocksArched.2.0.hda,SOP_subnet,,SOP_AB__RocksArched.svg,stock
AB::RoofTopSignGenerator::4.8,RoofTopSignGenerator,Sops/Signs/AB.RoofTopSignGenerator.4.8.hda,opdef:/AB::Sop/RoofTopSignGenerator::4.8?IconSVG,IconSVG,SOP_AB__RoofTopSignGenerator.svg,has-custom
AB::RoofVentGenerator::3.0,RoofVentGenerator,Sops/BuildingProps/AB.RoofVentGenerator.3.0.hda,SOP_subnet,,SOP_AB__RoofVentGenerator.svg,stock
AB::RooftopMechanicals::3.0,RooftopMechanicals,Sops/BuildingProps/AB.RooftopMechanicals.3.0.hda,opdef:/AB::Sop/RooftopMechanicals::3.0?IconImage,IconImage,SOP_AB__RooftopMechanicals.svg,has-custom
AB::RooftopProcessor::1.0,RooftopProcessor,Sops/BuildingHelpers/AB.RooftopProcessor.1.0.hda,SOP_subnet,,SOP_AB__RooftopProcessor.svg,stock
AB::SateliteDishGenerator::3.0,SateliteDishGenerator,Sops/BuildingProps/AB.SateliteDishGenerator.1.0.hda,SOP_subnet,,SOP_AB__SateliteDishGenerator.svg,stock
AB::ShippingContainers::4.0,ShippingContainers,Sops/CityProps/AB.ShippingContainers.4.0.hda,SOP_subnet,,SOP_AB__ShippingContainers.svg,stock
AB::SidewalkProcessor::1.0,SidewalkProcessor,Sops/CityHelpers/AB.SidewalkProcessor.1.0.hda,SOP_subnet,,SOP_AB__SidewalkProcessor.svg,stock
AB::SignHighway::2.0,SignHighway,Sops/Signs/AB.SignHighway.2.0.hda,SOP_subnet,,SOP_AB__SignHighway.svg,stock
AB::SignLibrary::1.0,SignLibrary,Sops/Signs/AB.SignLibrary.1.0.hda,SOP_subnet,,SOP_AB__SignLibrary.svg,stock
AB::SignPlate::1.0,SignPlate,Sops/Signs/AB.SignPlate.1.0.hda,SOP_subnet,,SOP_AB__SignPlate.svg,stock
AB::SimplePipe::2.0,SimplePipe,Sops/Parts/AB.SimplePipe.2.0.hda,SOP_subnet,,SOP_AB__SimplePipe.svg,stock
AB::SingleBlockGenerator::2.0,SingleBlockGenerator,Sops/CityGen/AB.SingleBlockGenerator.2.0.hda,SOP_subnet,,SOP_AB__SingleBlockGenerator.svg,stock
AB::SkylightGenerator::2.0,SkylightGenerator,Sops/BuildingProps/AB.SkylightGenerator.2.0.hda,opdef:/AB::Sop/SkylightGenerator::2.0?IconSVG,IconSVG,SOP_AB__SkylightGenerator.svg,has-custom
AB::SkyscraperGenerator::2.1,SkyscraperGenerator,Sops/Buildings/AB.SkyscraperGenerator.2.1.hda,SOP_subnet,,SOP_AB__SkyscraperGenerator.svg,stock
AB::SmallBridgeGenerator::1.0,SmallBridgeGenerator,Sops/SetDressing/AB.SmallBridgeGenerator.0.5.hda,SOP_subnet,,SOP_AB__SmallBridgeGenerator.svg,stock
AB::SolarPanelGenerator::3.0,SolarPanelGenerator,Sops/BuildingProps/AB.SolarPanelGenerator.3.0.hda,SOP_subnet,,SOP_AB__SolarPanelGenerator.svg,stock
AB::SpaceFillingCircuit::1.0,SpaceFillingCircuit,Sops/MotionGraphics/AB.SpaceFillingCircuit.1.0.hda,opdef:/AB::Sop/SpaceFillingCircuit::1.0?IconImage,IconImage,SOP_AB__SpaceFillingCircuit.svg,has-custom
AB::SplashTool::1.0,SplashTool,Sops/VFX/AB.SplashTool.1.0.hda,SOP_subnet,,SOP_AB__SplashTool.svg,stock
AB::StairGenerator::1.0,StairGenerator,Sops/BuildingProps/AB.StairGenerator.1.0.hda,SOP_subnet,,SOP_AB__StairGenerator.svg,stock
AB::StairwayTops::3.0,StairwayTops,Sops/BuildingProps/AB.StairwayTops.3.0.hda,opdef:/AB::Sop/StairwayTops::3.0?IconImage,IconImage,SOP_AB__StairwayTops.svg,has-custom
AB::StreetLightGenerator::2.2,StreetLightGenerator,Sops/CityProps/AB.StreetLightGenerator.2.2.hda,SOP_subnet,,SOP_AB__StreetLightGenerator.svg,stock
AB::StreetSignGenerator::3.0,StreetSignGenerator,Sops/Signs/AB.StreetSignGenerator.3.0.hda,opdef:/AB::Sop/StreetSignGenerator::3.0?IconSVG,IconSVG,SOP_AB__StreetSignGenerator.svg,has-custom
AB::SubdivideLots::2.0,SubdivideLots,Sops/CityGen/AB.SubdivideLots.2.0.hda,opdef:/RFX::Sop/UT_lot_subdivide::1.0?IconSVG,,SOP_AB__SubdivideLots.svg,other
AB::SuperFormula::1.0,SuperFormula,Sops/Modeling/AB.SuperFormula.1.0.hda,SOP_subnet,,SOP_AB__SuperFormula.svg,stock
AB::TowerGenerator::1.0,TowerGenerator,Sops/CityProps/AB.TowerGenerator.1.0.hda,SOP_subnet,,SOP_AB__TowerGenerator.svg,stock
AB::TrashCanGenerator::2.0,TrashCanGenerator,Sops/CityProps/AB.TrashCanGenerator.2.0.hda,SOP_subnet,,SOP_AB__TrashCanGenerator.svg,stock
AB::UnrealTerrainWrite::1.0,UnrealTerrainWrite,Sops/Utilities/AB.UnrealTerrainWrite.1.0.hda,SOP_subnet,,SOP_AB__UnrealTerrainWrite.svg,stock
AB::UtilityPoleGenerator::3.0,UtilityPoleGenerator,Sops/CityProps/AB.UtilityPoleGenerator.3.0.hda,SOP_subnet,,SOP_AB__UtilityPoleGenerator.svg,stock
AB::VDBooleans::1.0,VDBooleans,Sops/Volume/AB.VDBBooleans.1.0.hda,SOP_subnet,,SOP_AB__VDBooleans.svg,stock
AB::ValveGenerator::2.0,ValveGenerator,Sops/Parts/AB.ValveGenerator.2.0.hda,SOP_subnet,,SOP_AB__ValveGenerator.svg,stock
AB::VentGenerator::2.0,VentGenerator,Sops/Parts/AB.VentGenerator.2.0.hda,SOP_subnet,,SOP_AB__VentGenerator.svg,stock
AB::VexBrancher::1.0,VexBrancher,Sops/Modeling/AB.VexBrancher.1.0.hda,SOP_subnet,,SOP_AB__VexBrancher.svg,stock
AB::VictorianHouses::1.1,VictorianHouses,Sops/Buildings/AB.VictorianHouses.1.1.hda,opdef:/AB::Sop/VictorianHouses::1.1?IconImage,IconImage,SOP_AB__VictorianHouses.svg,has-custom
AB::VisTools::1.0,VisTools,Sops/Utilities/AB.VisTools.1.0.hda,SOP_subnet,,SOP_AB__VisTools.svg,stock
AB::WallDestructionSystem::1.0,WallDestructionSystem,Obj/VFX/AB.WallDestructionSystem.1.0.hda,MISC_digital_asset,,SOP_AB__WallDestructionSystem.svg,other
AB::WaterTankGenerator::2.0,WaterTankGenerator,Sops/BuildingProps/AB.WaterTankGenerator.2.0.hda,SOP_subnet,,SOP_AB__WaterTankGenerator.svg,stock
AB::WindowGenerator::3.1,WindowGenerator,Sops/BuildingProps/AB.WindowGenerator.3.1.hda,opdef:/AB::Sop/WindowGenerator::3.1?IconSVG,AOD-HO-ICON-WindowMaker.svg;IconSVG,SOP_AB__WindowGenerator.svg,has-custom
AB::WindowsCreateCopies::2.0,WindowsCreateCopies,Sops/BuildingHelpers/AB.WindowsCreateCopies.2.0.hda,SOP_subnet,,SOP_AB__WindowsCreateCopies.svg,stock
AB::WiresWithRings::1.0,WiresWithRings,Sops/Modeling/AB.WiresWithRings.1.0.1.0.hda,SOP_subnet,,SOP_AB__WiresWithRings.svg,stock
AB::WoodFractue::1.0,WoodFractue,Obj/VFX/AB.WoodFractue.1.0.hda,MISC_digital_asset,,SOP_AB__WoodFractue.svg,other
AB::WoodPlankGenerator::1.0,WoodPlankGenerator,Sops/Modeling/AB.WoodPlankGenerator.1.0.1.0.hda,SOP_subnet,,SOP_AB__WoodPlankGenerator.svg,stock
AB::WoodenPierGenerator::1.0,WoodenPierGenerator,Sops/SetDressing/AB.WoodenPierGenerator.1.0.hda,SOP_subnet,,SOP_AB__WoodenPierGenerator.svg,stock
AB::ZoneAudit::1.0,ZoneAudit,Sops/Utilities/AB.ZoneAudit.1.0.hda,SOP_subnet,,SOP_AB__ZoneAudit.svg,stock
