Tool,Label,Category,File,Cook,Prims,HasZones,ZoneCount,Zones,NonCanonical,PackingKeysIgnored,Status,Owner,Notes
AB::AirConCondeserGenerator::3.0,AB Air-Con Condeser,BuildingProps,Sops/BuildingProps/AB.AirConCondeserGenerator.1.0.hda,OK,640,NO,0,,,0,,,
AB::AntennaGenerator::3.0,AB Antennas,BuildingProps,Sops/BuildingProps/AB.AntennaGenerator.1.0.hda,OK,73,NO,0,,,0,,,
AB::ApartmentRow::1.2,AB Apartment Row,Buildings,Sops/Buildings/AB.ApartmentRow.1.2.hda,OK,35725,YES,19,Corners FrontFence LightBase LightEmit LightMetal Roof TF_Cornice Walls WinCasement WindowFrame WindowGlass WindowPlanes WindowSill WindowTrim WindowTrimLower WindowTrimSides WindowTrimTop_01 WindowWall WindowWalls,,0,,,
AB::ArchGenerator::2.0,AB Arch Generator,Modeling,Sops/Modeling/AB.ArchGenerator.2.0.hda,OK,14108,YES,3,Arch DoorPlane Wall,,0,,,
AB::ArchitecturalPlantOns::2.0,AB Architectural,PlantOns,Sops/PlantOns/AB.ArchitecturalPlantOns.2.0.hda,OK,177,NO,0,,,0,,,
AB::AwningGenerator::2.0,AB Awning Generator,BuildingProps,Sops/BuildingProps/AB.AwningGenerator.2.0.hda,OK,922,YES,2,AngleSupports AwningCloth,,0,,,
AB::BalconyGenerator::2.0,AB Balcony Generator,BuildingProps,Sops/BuildingProps/AB.BalconyGenerator.2.0.hda,OK,3974,YES,8,BannisterMountPlate Bannisters FloorPlate HW_Bolt HW_Nut HW_Washer Ibeam MetalBackPlate,,0,,,
AB::BarbwireGenerator::2.0,AB Barbwire Generator,Modeling,Sops/Modeling/AB.BarbwireGenerator.2.0.hda,OK,2,YES,2,Barbs Wire,,0,,,
AB::BillboardGenerator::2.1,AB Billboards,Signs,Sops/Signs/AB.BillboardGenerator.2.1.hda,OK,31559,YES,12,BillboardBack BillboardFront Bolts HorizontalBackSupports LadderMain MainVerticalSupport PlatformRailing PlatformSupportMetal TorsionTube VerticalBackSupports WeldLine WoodPlatform,,0,,,
AB::BlocksRGB::1.0,AB Blocks From Map,CityGen,Sops/CityGen/AB.BlocksRGB.1.0.hda,OK,2,NO,0,,,0,,,
AB::BridgeGenerator::2.0,AB Bridges,CityProps,Sops/CityProps/AB.BridgeGenerator.2.0.hda,OK,12498,YES,3,BR_Road BR_Sidewalk BR_SupportsMetal,,0,,,
AB::BuildingFootprintGenerator::1.0,BuildingFootprintGenerator,Buildings,Sops/Buildings/AB.BuildingFootprintGenerator.1.0.hda,OK,8,NO,0,,,0,,,
AB::BuildingLightGenerator::2.1,AB Building Lights,BuildingProps,Sops/BuildingProps/AB.BuildingLightGenerator.2.1.hda,OK,114,YES,3,LightBase LightEmit LightMetal,,0,,,
AB::BusStopGenerator::2.0,AB Bus Stops,CityProps,Sops/CityProps/AB.BusStopGenerator.2.0.hda,OK,173,NO,0,,,0,,,
AB::ButtonPanels::1.1,AB Button Panels,Modeling,Sops/Modeling/AB.ButtonPanels.1.1.hda,OK,3753,YES,2,Kitchen/ButtonPlatsic Kitchen/ButtonRim,Kitchen/ButtonPlatsic Kitchen/ButtonRim,0,,,
AB::CeramicPotGenerator::1.0,AB Ceramic Pots,SetDressing,Sops/SetDressing/AB.CeramicPotGenerator.1.0.hda,OK,9600,YES,8,inside_vs_1 inside_vs_2 inside_vs_3 inside_vs_4 outside_vs_1 outside_vs_2 outside_vs_3 outside_vs_4,inside_vs_1 inside_vs_2 inside_vs_3 inside_vs_4 outside_vs_1 outside_vs_2 outside_vs_3 outside_vs_4,0,,,
AB::ChainGenerator::3.0,AB Chain Generator,Modeling,Sops/Modeling/AB.ChainGenerator.3.0.hda,OK,50,NO,0,,,0,,,
AB::CircularNoise::1.0,AB Circular Noise,Utilities,Sops/Utilities/AB.CircularNoise.1.0.hda,COOK ERROR,-1,NO,0,,,0,,,The attempted operation failed. Error while cooking.
AB::CityGenerator::2.5,AB City Generator,CityGen,Sops/CityGen/AB.CityGenerator.2.5.hda,COOK ERROR,-1,NO,0,,,0,,,The attempted operation failed. Error while cooking.
AB::CityGridGenerator::1.4,AB City Grids,CityGen,Sops/CityGen/AB.CityGridGenerator.1.4.hda,OK,200,NO,0,,,200,,,
AB::CliffordAttractor::1.0,AB Clifford Attractor,Scatters,Sops/Scatters/AB.CliffordAttractor.1.0.hda,OK,0,NO,0,,,0,,,
AB::ColorByVelocity::1.0,AB Color By Velocity,Utilities,Sops/Utilities/AB.ColorByVelocity.1.0.hda,COOK ERROR,-1,NO,0,,,0,,,The attempted operation failed. Error while cooking.
AB::CommercialSignGenerator::4.8,AB Commercial Signs,Signs,Sops/Signs/AB.CommercialSignGenerator.4.8.hda,OK,12602,YES,11,HW_Bolt HW_Nut HW_Washer Neon SideMountStructure SignArrowCasing SignArrowNeon SignArrows SignBack SignFrame SignFront,,0,,,
AB::CopyByDensity::1.0,AB Copy By Density,CopyTools,Sops/CopyTools/AB.CopyByDensity.1_0.hda,OK,212,NO,0,,,0,,,
AB::CopyWithRotation::1.0,AB Copy With Rotation,CopyTools,Sops/CopyTools/AB.CopyWithRotation.1.0.hda,OK,42,NO,0,,,0,,,
AB::CreateCircuitCurves::2.0,AB Circuit Curves,Curves,Sops/Curves/AB.CreateCircuitCurves.2.0.hda,OK,40,NO,0,,,0,,,
AB::CreateLODs::2.0,AB LOD,Utilities,Sops/Utilities/AB.CreateLODs.2.0.hda,COOK ERROR,-1,NO,0,,,0,,,The attempted operation failed. Error while cooking.
AB::CreateRGBNoise::1.0,AB Create RGB Noise,Utilities,Sops/Utilities/AB.CreateRGBNoise.1.0.hda,COOK ERROR,-1,NO,0,,,0,,,The attempted operation failed. Error while cooking.
AB::CrystalGenerator::1.0,AB Crystal Generator,Natural,Sops/Natural/AB.CrystalGenerator.1.0.hda,OK,26194,YES,1,crystal2,crystal2,0,,,
AB::CycGenerator::1.0,AB Cyc Generator,Modeling,Sops/Modeling/AB.CycGenerator.1.0.hda,OK,12,NO,0,,,0,,,
AB::DestructionBuilding::1.0,AB Destruction Buildings,Buildings,Sops/Buildings/AB.DestructionBuilding.1.0.hda,COOK ERROR,-1,NO,0,,,0,,,The attempted operation failed. Error while cooking.
AB::DomeGenerator::1.0,AB Domes,BuildingProps,Sops/BuildingProps/AB.DomeGenerator.1.0.hda,OK,49570,YES,7,DomeCapDetail DomeTopTrim DomeWallLower DomeWallLowerTrim DomeWallUpper VerticalTrimLower VerticalTrimUpper,,0,,,
AB::DoorGenerator::4.0,AB Door Generator,BuildingProps,Sops/BuildingProps/AB.DoorGenerator.4.0.hda,OK,1190,YES,4,BackPlate DoorFrame DoorGlass DoorKnob,,0,,,
AB::DoorHardware::2.0,AB Door Hardware,Parts,Sops/Parts/AB.DoorHardware.2.0.hda,OK,973,YES,2,BackPlate DoorKnob,,0,,,
AB::DoorsCreateCopies::1.2,AB Doors Create Copies,BuildingHelpers,Sops/BuildingHelpers/AB.DoorsCreateCopies.1.2.hda,COOK ERROR,-1,NO,0,,,0,,,The attempted operation failed. Error while cooking.
AB::DowntownBuilding::3.6,AB Downtown Buildings,Buildings,Sops/Buildings/AB.DowntownBuilding.3.6.hda,OK,166885,YES,16,Backplate BuildingTrim Corners DoorFrame DoorGlass LightBase LightEmit LightMetal PullBar RoofParapet RoofPlane TF_Cornice Walls WinCasement WindowFrame WindowGlass,,0,,,
AB::DroopyWires::1.0,AB Droopy Wires,Modeling,Sops/Modeling/AB.DroopyWires.1.0.hda,OK,67864,YES,1,Wires,,0,,,
AB::ElectricBoxGenerator::2.0,AB Electric Boxes,CityProps,Sops/CityProps/AB.ElectricBoxGenerator.2.0.hda,OK,121,NO,0,,,0,,,
AB::ElectricalParts::2.0,AB Electrical Parts,Parts,Sops/Parts/AB.ElectricalParts.2.0.hda,OK,230,NO,0,,,0,,,
AB::ElectricalPropGenerator::2.0,AB Electrical Props,BuildingProps,Sops/BuildingProps/AB.ElectricalPropGenerator.2.0.hda,OK,2274,YES,5,MetalRing MeterGlass MeterMetal PipeConnectorMetal Pipes,,0,,,
AB::ElectronicComponentGenerator::1.0,AB Electronic Component,Parts,Sops/Parts/AB.ElectronicComponentGenerator.1.0.hda,OK,1528,YES,1,Knob_01,,0,,,
AB::EngineAttributes::1.0,AB Engine Attributes,Utilities,Sops/Utilities/AB.EngineAttributes.1.0.hda,COOK ERROR,-1,NO,0,,,0,,,The attempted operation failed. Error while cooking.
AB::EqualizerGraph::1.0,AB Equalizer Graph,MotionGraphics,Sops/MotionGraphics/AB.EqualizerGraph.1.0.hda,OK,101,NO,0,,,0,,,
AB::ExportPack::1.0,AB Export Pack,Utilities,Sops/Utilities/AB.ExportPack.1.0.hda,COOK ERROR,-1,NO,0,,,0,,,The attempted operation failed. Error while cooking.
AB::ExtendedSweep::2.0,AB Extended Sweep,Modeling,Sops/Modeling/AB.ExtendedSweep.2.0.hda,COOK ERROR,-1,NO,0,,,0,,,The attempted operation failed. Error while cooking.
AB::FancyCurves::2.0,AB Fancy Curves,Curves,Sops/Curves/AB.FancyCurves.2.0.hda,OK,1,NO,0,,,0,,,
AB::FireEscapeGenerator::2.0,AB Fire Escape Generator,BuildingProps,Sops/BuildingProps/AB.FireEscapeGenerator.2.0.hda,OK,1788,NO,0,,,0,,,
AB::FireHydrantGenerator::2.0,AB Fire Hydrants,CityProps,Sops/CityProps/AB.FireHydrantGenerator.2.0.hda,OK,7547,YES,4,FireHydrantBody HW_Bolt HW_Nut HW_Washer,,0,,,
AB::FlangeGenerator::2.0,AB Flange Generator,Parts,Sops/Parts/AB.FlangeGenerator.2.0.hda,OK,70,NO,0,,,0,,,
AB::FloatingIslands::1.0,AB Floating Islands,Natural,Sops/Natural/AB.FloatingIslands.1.0.hda,OK,198,NO,0,,,0,,,
AB::Flocking::1.0,AB Flocking,Scatters,Sops/Scatters/AB.Flocking.1.0.hda,OK,0,NO,0,,,0,,,
AB::FlowerDesigner::1.0,AB Flower Designer,Natural,Sops/Natural/AB.FlowerDesigner.1.0.hda,OK,992,NO,0,,,0,,,
AB::FlowerGenerator::1.0,AB Flower Generator,Natural,Sops/Natural/AB.FlowerGenerator.1.0.hda,COOK ERROR,-1,NO,0,,,0,,,The attempted operation failed. Error while cooking.
AB::FuturisticBuildings::2.2,AB Futuristic Buildings,Buildings,Sops/Buildings/AB.FuturisticBuildings.2.2.hda,OK,13289,YES,5,Parapet RoofPlane WindowFrame WindowGlass WindowGlassLit,,0,,,
AB::GraphicSigns::2.0,AB Graphic Signs,Signs,Sops/Signs/AB.GraphicSigns.2.0.hda,OK,68,NO,0,,,0,,,
AB::GrassGenerator::1.0,AB Grass Generator,WorldBuilding,Sops/WorldBuilding/AB.GrassGenerator.1.0.hda,OK,1,NO,0,,,0,,,
AB::GroupWalls::2.0,AB Group Walls,BuildingHelpers,Sops/BuildingHelpers/AB.GroupWalls.2.0.hda,COOK ERROR,-1,NO,0,,,0,,,The attempted operation failed. Error while cooking.
AB::GrowthFromPoints::1.0,AB Growth From Points,MotionGraphics,Sops/MotionGraphics/AB.GrowthFromPoints.1.0.hda,OK,0,NO,0,,,0,,,
AB::HandrailGenerator::3.0,AB Handrails,CityProps,Sops/CityProps/AB.HandrailGenerator.3.0.hda,OK,3908,NO,0,,,0,,,
AB::HangingClothGenerator::1.5,AB Hanging Cloth Maker,SetDressing,Sops/SetDressing/AB.HangingClothGenerator.1.5.hda,OK,4,YES,4,cloth0 cloth1 cloth2 cloth3,,0,,,
AB::HardwareMaker::2.0,AB Hardware,Parts,Sops/Parts/AB.HardwareMaker.2.0.hda,OK,372,YES,3,HW_Bolt HW_Nut HW_Washer,,0,,,
AB::HayBaleGenerator::1.0,AB Hay Bales,SetDressing,Sops/SetDressing/AB.HayBaleGenerator.1.0.hda,OK,2472,NO,0,,,0,,,
AB::HighwaySignGenerator::5.0,AB Highway Signs,Signs,Sops/Signs/AB.HighwaySignGenerator.5.0.hda,OK,30358,YES,23,FooterConcrete HW_Bolt HorizontalSupportsMetal LightCasing LightEmit LightPipe LightPipeMetal MainSupport MetalPlateRound MetalPlateSquare PlatformSupportsMetal SignBack SignFront_0 SignFront_1 SignFront_2 SignMetal SignPlatformMetal SupportBracket SupportWedge TrafficSignFront_0 TrafficSignFront_1 VerticalSupportsMetal WhiteReflective,SignFront_0 SignFront_1 SignFront_2 TrafficSignFront_0 TrafficSignFront_1,0,,,
AB::HudMaker::2.0,AB Hud Maker,MotionGraphics,Sops/MotionGraphics/AB.HudMaker.2.0.hda,OK,22,NO,0,,,0,,,
AB::IndustrialBuildings::2.1,AB Industrial Buildings ,Buildings,Sops/Buildings/AB.IndustrialBuildings.2.1.hda,OK,10024,YES,3,WinCasement WindowFrame WindowGlass,,0,,,
AB::LadderGenerator::2.0,AB Ladder Generator,BuildingProps,Sops/BuildingProps/AB.LadderGenerator.2.0.hda,OK,388,NO,0,,,0,,,
AB::LargeWalls::1.0,AB Walls Large,BuildingProps,Sops/BuildingProps/AB.LargeWalls.1.0.hda,OK,2984,NO,0,,,0,,,
AB::LowPolyTrees::2.0,AB Low Poly Trees,Natural,Sops/Natural/AB.LowPolyTrees.2.0.hda,OK,3150,NO,0,,,0,,,
AB::LowWalls::1.1,AB Walls Low,BuildingProps,Sops/BuildingProps/AB.LowWalls.1.1.hda,OK,6694,NO,0,,,0,,,
AB::MModulesArtDeco::2.0,AB Modules Art Deco,Modules,Sops/Modules/AB.ModulesArtDeco.2.0.hda,OK,4486,NO,0,,,0,,,
AB::MailBoxGenerator::2.0,AB Mail Boxes,CityProps,Sops/CityProps/AB.MailBoxGenerator.2.0.hda,OK,2509,NO,0,,,0,,,
AB::ManhattenDistance::2.0,AB Manhatten Distance,Panels,Sops/Panels/AB.ManhattenDistance.2.0.hda,OK,40,YES,1,Block,,0,,,
AB::MaterialBinding::1.0,AB Material Binding,Utilities,Sops/Utilities/AB.MaterialBinding.1.0.hda,COOK ERROR,-1,NO,0,,,0,,,The attempted operation failed. Error while cooking.
AB::MaterialLibrary::1.0,AB Material Library,Utilities,Sops/Utilities/AB.MaterialLibrary.1.0.hda,COOK ERROR,-1,NO,0,,,0,,,The attempted operation failed. Error while cooking.
AB::MetalExtrusionMaker::2.0,AB Metal Extrusions,Curves,Sops/Curves/AB.MetalExtrusionMaker.2.0.hda,OK,1,NO,0,,,0,,,
AB::ModernLightGenerator::1.0,AB Modern Light,BuildingProps,Sops/BuildingProps/AB.ModernLightGenerator.1.0.hda,OK,11000,YES,2,LightSmall_001_Body LightSmall_001_Emit,LightSmall_001_Body LightSmall_001_Emit,0,,,
AB::ModuleAssembler::1.0,AB Module Assembler,Modules,Sops/Modules/AB.ModuleAssembler.1.0.hda,OK,0,NO,0,,,0,,,
AB::ModulesBrutalist::1.0,AB Modules Brutalist,Modules,Sops/Modules/AB.ModulesBrutalist.1.0.hda,OK,1166,NO,0,,,0,,,
AB::ModulesClassical::1.0,AB Modules Classical,Modules,Sops/Modules/AB.ModulesClassical.2.0.hda,OK,21252,NO,0,,,0,,,
AB::ModulesCyberPunk::2.0,AB Modules Cyber Punk,Modules,Sops/Modules/AB.ModulesCyberPunk.2.0.hda,OK,35085,YES,13,CP_WallBase_001 CP_WallBase_002 CP_WallBase_003 CP_WallBase_004 CP_WallBase_005 CP_WallBase_006 CP_WallBase_007 CP_WallBase_008 CP_WallBase_009 CP_WallBase_010 CP_WallBase_011 CP_WallBase_012 CP_WallBase_013,CP_WallBase_001 CP_WallBase_002 CP_WallBase_003 CP_WallBase_004 CP_WallBase_005 CP_WallBase_006 CP_WallBase_007 CP_WallBase_008 CP_WallBase_009 CP_WallBase_010 CP_WallBase_011 CP_WallBase_012 CP_WallBase_013,0,,,
AB::ModulesGothic::2.0,AB Modules Gothic,Modules,Sops/Modules/AB.ModulesGothic.2.0.hda,OK,806,NO,0,,,0,,,
AB::ModulesModernist::1.0,AB Modules Modernist,Modules,Sops/Modules/AB..ModulesModernist.1.0.hda,OK,61217,NO,0,,,0,,,
AB::ModulesSkyscrapers::2.0,AB Modules Skyscrapers,Modules,Sops/Modules/AB.ModulesSkyscrapers.2.0.hda,OK,6950,NO,0,,,0,,,
AB::MultiAxisPointScatter::1.0,AB Multi Axis Point Scatter,Scatters,Sops/Scatters/AB.MultiAxisPointScatter.1.0.hda,OK,0,NO,0,,,0,,,
AB::NeonRainbows::1.0,AB Neon Rainbows,MotionGraphics,Sops/MotionGraphics/AB.NeonRainbows.1.0.hda,OK,4102,NO,0,,,0,,,
AB::NoisyGrid::1.0,AB Noisy Grid,Modeling,Sops/Modeling/AB.NoisyGrid.1.0.hda,OK,39601,NO,0,,,0,,,
AB::PanelGenerator::2.0,AB Panel Maker,Panels,Sops/Panels/AB.PanelGenerator.2.0.hda,OK,3456,NO,0,,,0,,,
AB::PhylotaxisScatter::1.0,AB Phylotaxis Scatter,Scatters,Sops/Scatters/AB..PhylotaxisScatter.1.0.hda,OK,0,NO,0,,,0,,,
AB::PipeCreator::2.0,AB Pipe Generator,Modeling,Sops/Modeling/AB.PipeCreator.2.0.hda,OK,80558,YES,5,Flange HW_Bolt HW_Nut HW_Washer Pipe,,0,,,
AB::PipesAndEnds::1.0,AB Pipes and Ends,Parts,Sops/Parts/AB.PipesAndEnds.1.0.hda,OK,10224,YES,3,HW_Bolt HW_Nut HW_Washer,,0,,,
AB::PlantOnsFuturistic::2.0,AB Futuristic,PlantOns,Sops/PlantOns/AB.PlantOnsFuturistic.2.0.hda,OK,1818,YES,9,ExteriorBlocks_01 ExteriorBlocks_02 ExteriorBlocks_03 ExteriorBlocks_04 ExteriorBlocks_05 ExteriorBlocks_06 ExteriorBlocks_07 ExteriorBlocks_08 ExteriorBlocks_09,ExteriorBlocks_01 ExteriorBlocks_02 ExteriorBlocks_03 ExteriorBlocks_04 ExteriorBlocks_05 ExteriorBlocks_06 ExteriorBlocks_07 ExteriorBlocks_08 ExteriorBlocks_09,0,,,
AB::PlanterGenerator::2.0,AB Planters,CityProps,Sops/CityProps/AB.PlanterGenerator.2.0.hda,OK,2140,NO,0,,,0,,,
AB::PointBlends::1.0,AB Point Blends,MotionGraphics,Sops/MotionGraphics/AB.PointBlends.1.0.hda,OK,0,NO,0,,,0,,,
AB::PoleGenerator::1.0,AB Poles,Signs,Sops/Signs/AB.PoleGenerator.1.0.hda,OK,1044,YES,1,PoleMetalRound,,0,,,
AB::PythonScripter::1.0,AB Python Scripter,Utilities,Sops/Utilities/AB.PythonScripter.1.0.hda,OK,0,NO,0,,,0,,,
AB::RadialFalloff::1.0,AB Radial Falloff,Utilities,Sops/Utilities/AB.RadialFalloff.1.0.hda,COOK ERROR,-1,NO,0,,,0,,,The attempted operation failed. Error while cooking.
AB::RadialPointSort::1.0,AB Radial Point Sort,Utilities,Sops/Utilities/AB.RadialPointSort.1.0.hda,COOK ERROR,-1,NO,0,,,0,,,The attempted operation failed. Error while cooking.
AB::RadialScatter::1.5,AB Radial Scatter,Utilities,Sops/Utilities/AB.RadialScatter.1.5.hda,OK,0,NO,0,,,0,,,
AB::RadialScatterVex::1.0,AB Radial Scatter Vex,Scatters,Sops/Scatters/AB.RadialScatterVex.1.0.hda,OK,0,NO,0,,,0,,,
AB::RadialSmoothNoise::1.0,AB Radial Smooth Noise,Utilities,Sops/Utilities/AB.RadialSmoothNoise.1.0.hda,OK,9801,NO,0,,,0,,,
AB::RandomArcs::1.0,AB Random Arcs,MotionGraphics,Sops/MotionGraphics/AB.RandomArcs.1.0.hda,OK,325,NO,0,,,0,,,
AB::ResortGenerator::3.0,AB Resort Generator,Buildings,Sops/Buildings/AB.ResortGenerator.3.0.hda,OK,20660,NO,0,,,0,,,
AB::RetailBuildings::3.2,AB Retail Buildings,Buildings,Sops/Buildings/AB.RetailBuildings.3.2.hda,OK,4237,YES,4,Backplate DoorFrame DoorGlass PullBar,,0,,,
AB::RoadSimpleGenerator::3.4,Roads Simple,WorldBuilding,Sops/WorldBuilding/AB.RoadSimpleGenerator.3.4.hda,OK,2114454,YES,18,Reflector ReflectorBase RoadBottom RoadCenterLine RoadLines RoadSides RoadTop StreetLightArm StreetLightCase StreetLightEmit Transformer_001 UtilityPole/Bracket_002 UtilityPole/HorizPoleWood UtilityPole/MainPoleWood VertConnector_001/MetalBottom VertConnector_001/PorclainMiddle VertConnector_001/PorclainTop Wires,UtilityPole/Bracket_002 UtilityPole/HorizPoleWood UtilityPole/MainPoleWood VertConnector_001/MetalBottom VertConnector_001/PorclainMiddle VertConnector_001/PorclainTop,0,,,
AB::RoadTerrainGenerator::2.9,Roads Terrain,WorldBuilding,Sops/WorldBuilding/AB.RoadTerrainGenerator.2.9.hda,OK,0,NO,0,,,0,,,
AB::RockClumps::2.0,AB Rock Clumps,Modeling,Sops/Modeling/AB.RockClumps.2.0.hda,OK,17308,NO,0,,,0,,,
AB::RockMaker::2.0,AB Rock Maker,Natural,Sops/Natural/AB.RockMaker.2.0.hda,OK,563648,YES,1,surface,,0,,,
AB::RocksArched::2.0,AB Rocks Arched,Natural,Sops/Natural/AB.RocksArched.2.0.hda,OK,271328,YES,1,surface,,0,,,
AB::RoofTopSignGenerator::4.8,AB Rooftop Signs,Signs,Sops/Signs/AB.RoofTopSignGenerator.4.8.hda,OK,23692,YES,10,HW_Bolt HW_Nut HW_Washer RoofSignFooter RoofSignHorizonatlSupports RoofSignVerticalPosts SignBack SignFrame SignFront SignNeon,,0,,,
AB::RoofVentGenerator::3.0,AB Roof Vents,BuildingProps,Sops/BuildingProps/AB.RoofVentGenerator.3.0.hda,OK,108,YES,2,VentBody VentGrill,,0,,,
AB::RooftopMechanicals::3.0,AB Rooftop Mechanicals,BuildingProps,Sops/BuildingProps/AB.RooftopMechanicals.3.0.hda,OK,67201,YES,8,FanBezel FanGrate HW_Bolt HW_Nut HW_Washer MainBody PipeEnds Pipes,,0,,,
AB::RooftopProcessor::1.0,RooftopProcessor,BuildingHelpers,Sops/BuildingHelpers/AB.RooftopProcessor.1.0.hda,COOK ERROR,-1,NO,0,,,0,,,The attempted operation failed. Error while cooking.
AB::SateliteDishGenerator::3.0,AB Satelite Dish ,BuildingProps,Sops/BuildingProps/AB.SateliteDishGenerator.1.0.hda,OK,1505,NO,0,,,0,,,
AB::ShippingContainers::4.0,AB Shipping Containers,CityProps,Sops/CityProps/AB.ShippingContainers.4.0.hda,OK,1888,NO,0,,,0,,,
AB::SidewalkProcessor::1.0,SidewalkProcessor,CityHelpers,Sops/CityHelpers/AB.SidewalkProcessor.1.0.hda,OK,0,NO,0,,,0,,,
AB::SignHighway::2.0,AB Highway Sign Single,Signs,Sops/Signs/AB.SignHighway.2.0.hda,OK,8050,YES,11,HorizontalSupportsMetal LightCasing LightEmit LightPipe LightPipeMetal PlatformSupportsMetal SignFront SignMetal SignPlatformMetal VerticalSupportsMetal WhiteReflective,,0,,,
AB::SignLibrary::1.0,AB Sign Library,Signs,Sops/Signs/AB.SignLibrary.1.0.hda,OK,218,YES,2,SignBack SignFront,,0,,,
AB::SignPlate::1.0,AB Sign Plate,Signs,Sops/Signs/AB.SignPlate.1.0.hda,OK,218,YES,2,SignBack SignFront,,0,,,
AB::SimplePipe::2.0,AB Simple Pipe,Parts,Sops/Parts/AB.SimplePipe.2.0.hda,OK,1290,NO,0,,,0,,,
AB::SingleBlockGenerator::2.0,AB Single Block,CityGen,Sops/CityGen/AB.SingleBlockGenerator.2.0.hda,OK,23452,YES,4,AntiSlipBase BuildingBlock SidewalkCorner SidewalkCornerCurb,,0,,,
AB::SkylightGenerator::2.0,AB Skylights,BuildingProps,Sops/BuildingProps/AB.SkylightGenerator.2.0.hda,OK,5,YES,5,HW_Bolt HW_Nut HW_Washer SkylightGlass SkylightMetal,,0,,,
AB::SkyscraperGenerator::2.1,AB Skyscraper,Buildings,Sops/Buildings/AB.SkyscraperGenerator.2.1.hda,OK,39588,YES,11,Backplate BuildingRoof BuildingWalls DoorFrame DoorGlass GuardRail PullBar WindowPlanes WindowWalls WindowsLit WindowsUnlit,,0,,,
AB::SmallBridgeGenerator::1.0,AB Small Bridges,SetDressing,Sops/SetDressing/AB.SmallBridgeGenerator.0.5.hda,OK,222,NO,0,,,0,,,
AB::SolarPanelGenerator::3.0,AB Solar Panel,BuildingProps,Sops/BuildingProps/AB.SolarPanelGenerator.3.0.hda,OK,822,NO,0,,,0,,,
AB::SpaceFillingCircuit::1.0,AB Space Filling Circuit,MotionGraphics,Sops/MotionGraphics/AB.SpaceFillingCircuit.1.0.hda,COOK ERROR,-1,NO,0,,,0,,,The attempted operation failed. Error while cooking.
AB::SplashTool::1.0,AB Splash Tool,VFX,Sops/VFX/AB.SplashTool.1.0.hda,OK,0,NO,0,,,0,,,
AB::StairGenerator::1.0,AB Stair Generator,BuildingProps,Sops/BuildingProps/AB.StairGenerator.1.0.hda,OK,6472,NO,0,,,0,,,
AB::StairwayTops::3.0,AB Stairway Tops,BuildingProps,Sops/BuildingProps/AB.StairwayTops.3.0.hda,OK,3734,YES,19,Backplate ConcreteStep DoorFrame DoorGlass InsideWalls MetalRing MeterGlass MeterMetal OutsideWalls PipeConnectorMetal Pipes PullBar RoofInside RoofSides RoofTop WallLowerBand WallsSides WindowGlowPlane WindowSlats,,0,,,
AB::StreetLightGenerator::2.2,AB Street Lights,CityProps,Sops/CityProps/AB.StreetLightGenerator.2.2.hda,OK,3886,NO,0,,,0,,,
AB::StreetSignGenerator::3.0,AB Street Signs,Signs,Sops/Signs/AB.StreetSignGenerator.3.0.hda,OK,2008,YES,6,HW_Bolt HW_Nut HW_Washer PoleMetalRound SignBack SignFront,,0,,,
AB::SubdivideLots::2.0,AB Subdivide Lots,CityGen,Sops/CityGen/AB.SubdivideLots.2.0.hda,COOK ERROR,-1,NO,0,,,0,,,The attempted operation failed. Error while cooking.
AB::SuperFormula::1.0,AB Super Formula,Modeling,Sops/Modeling/AB.SuperFormula.1.0.hda,OK,0,NO,0,,,0,,,
AB::TowerGenerator::1.0,AB Tower Generator,CityProps,Sops/CityProps/AB.TowerGenerator.1.0.hda,OK,3288,YES,3,GussetPlate MainVerticalSupports UpperStructure,,0,,,
AB::TrashCanGenerator::2.0,AB Trash Cans,CityProps,Sops/CityProps/AB.TrashCanGenerator.2.0.hda,OK,488,NO,0,,,0,,,
AB::UnrealTerrainWrite::1.0,AB Terrain Write,Utilities,Sops/Utilities/AB.UnrealTerrainWrite.1.0.hda,COOK ERROR,-1,NO,0,,,0,,,The attempted operation failed. Error while cooking.
AB::UtilityPoleGenerator::3.0,AB Utility Poles,CityProps,Sops/CityProps/AB.UtilityPoleGenerator.3.0.hda,OK,18058,YES,10,StreetLightArm StreetLightCase StreetLightEmit Transformer_001 UtilityPole/Bracket_002 UtilityPole/HorizPoleWood UtilityPole/MainPoleWood VertConnector_001/MetalBottom VertConnector_001/PorclainMiddle VertConnector_001/PorclainTop,UtilityPole/Bracket_002 UtilityPole/HorizPoleWood UtilityPole/MainPoleWood VertConnector_001/MetalBottom VertConnector_001/PorclainMiddle VertConnector_001/PorclainTop,0,,,
AB::VDBooleans::1.0,AB VDB Booleans,Volume,Sops/Volume/AB.VDBBooleans.1.0.hda,OK,61608,YES,1,surface,,0,,,
AB::ValveGenerator::2.0,AB Valve Maker,Parts,Sops/Parts/AB.ValveGenerator.2.0.hda,OK,633,NO,0,,,0,,,
AB::VentGenerator::2.0,AB Vent Maker,Parts,Sops/Parts/AB.VentGenerator.2.0.hda,OK,871,YES,1,VentRound_001,,0,,,
AB::VexBrancher::1.0,AB Vex Brancher,Modeling,Sops/Modeling/AB.VexBrancher.1.0.hda,OK,11,NO,0,,,0,,,
AB::VictorianHouses::1.1,AB Victorian Houses,Buildings,Sops/Buildings/AB.VictorianHouses.1.1.hda,OK,20289,YES,14,Corners LightBase LightEmit LightMetal Roof RoofTrim Trim Underside Walls WinCasement WindowFrame WindowGlass WindowPlanes WindowSill,,0,,,
AB::VisTools::1.0,AB Vis Tools,Utilities,Sops/Utilities/AB.VisTools.1.0.hda,OK,30,NO,0,,,0,,,
AB::WaterTankGenerator::2.0,AB Water Tanks,BuildingProps,Sops/BuildingProps/AB.WaterTankGenerator.2.0.hda,OK,6649,YES,8,GussetPlate Ladder MainVerticalSupports MainWaterPipe UpperStructure WatertankBody WatertankBodySeams WatertankRoof,,0,,,
AB::WindowGenerator::3.1,AB Window Generator,BuildingProps,Sops/BuildingProps/AB.WindowGenerator.3.1.hda,OK,268,YES,7,WinCasement WindowFrame WindowGlass WindowSill WindowTrimLower WindowTrimSides WindowTrimTop_01,,0,,,
AB::WindowsCreateCopies::2.0,AB Windows Create Copies,BuildingHelpers,Sops/BuildingHelpers/AB.WindowsCreateCopies.2.0.hda,COOK ERROR,-1,NO,0,,,0,,,The attempted operation failed. Error while cooking.
AB::WiresWithRings::1.0,AB Wires With Rings,Modeling,Sops/Modeling/AB.WiresWithRings.1.0.1.0.hda,OK,25344,YES,3,hose hose_ring hose_ring_glow,,0,,,
AB::WoodPlankGenerator::1.0,AB Wood Planks,Modeling,Sops/Modeling/AB.WoodPlankGenerator.1.0.1.0.hda,OK,2314,NO,0,,,0,,,
AB::WoodenPierGenerator::1.0,AB Wooden Piers,SetDressing,Sops/SetDressing/AB.WoodenPierGenerator.1.0.hda,OK,27688,NO,0,,,0,,,
AB::ZoneAudit::1.0,AB Zone Audit,Utilities,Sops/Utilities/AB.ZoneAudit.1.0.hda,COOK ERROR,-1,NO,0,,,0,,,The attempted operation failed. Error while cooking.
