tool,nests_type,count
AB::AirConCondeserGenerator::3.0,boolean::2.0,2
AB::AirConCondeserGenerator::3.0,copytopoints::2.0,1
AB::AirConCondeserGenerator::3.0,fuse::2.0,1
AB::AirConCondeserGenerator::3.0,pbrdiffuse::3.0,12
AB::AirConCondeserGenerator::3.0,polyextrude::2.0,7
AB::AntennaGenerator::3.0,polyextrude::2.0,5
AB::ApartmentRow::1.2,AB::BuildingLightGenerator::2.0,1
AB::ApartmentRow::1.2,AB::DoorGenerator::4.0,1
AB::ApartmentRow::1.2,AB::DoorsCreateCopies::1.0,1
AB::ApartmentRow::1.2,AB::FancyCurves::2.0,3
AB::ApartmentRow::1.2,AB::GroupWalls::2.0,16
AB::ApartmentRow::1.2,AB::RoofVentGenerator::3.0,2
AB::ApartmentRow::1.2,AB::SkylightGenerator::2.0,1
AB::ApartmentRow::1.2,AB::StairwayTops::3.0,1
AB::ApartmentRow::1.2,AB::WindowGenerator::3.1,8
AB::ApartmentRow::1.2,AB::WindowsCreateCopies::2.0,8
AB::ApartmentRow::1.2,attribcreate::2.0,31
AB::ApartmentRow::1.2,copytopoints::2.0,23
AB::ApartmentRow::1.2,fuse::2.0,38
AB::ApartmentRow::1.2,measure::2.0,1
AB::ApartmentRow::1.2,polyextrude::2.0,25
AB::ApartmentRow::1.2,sweep::2.0,3
AB::ApartmentRow::1.2,uvflatten::3.0,2
AB::ApartmentRow::1.2,uvlayout::3.0,3
AB::ApartmentRow::1.2,uvtransform::2.0,1
AB::ArchGenerator::2.0,AB::FancyCurves::2.0,1
AB::ArchGenerator::2.0,AB::HardwareMaker::2.0,1
AB::ArchGenerator::2.0,attribcreate::2.0,3
AB::ArchGenerator::2.0,boolean::2.0,1
AB::ArchGenerator::2.0,copytopoints::2.0,2
AB::ArchGenerator::2.0,fuse::2.0,2
AB::ArchGenerator::2.0,geometryvopglobal::2.0,1
AB::ArchGenerator::2.0,polyextrude::2.0,5
AB::ArchGenerator::2.0,sweep::2.0,1
AB::ArchGenerator::2.0,uvlayout::3.0,1
AB::ArchitecturalPlantOns::2.0,dissolve::2.0,5
AB::ArchitecturalPlantOns::2.0,fuse::2.0,5
AB::ArchitecturalPlantOns::2.0,polybevel::2.0,6
AB::ArchitecturalPlantOns::2.0,polybevel::3.0,5
AB::ArchitecturalPlantOns::2.0,polyextrude::2.0,101
AB::ArchitecturalPlantOns::2.0,polysplit::2.0,47
AB::ArchitecturalPlantOns::2.0,revolve::2.0,4
AB::ArchitecturalPlantOns::2.0,sweep::2.0,2
AB::ArchitecturalPlantOns::2.0,uvflatten::3.0,12
AB::ArchitecturalPlantOns::2.0,uvlayout::2.0,4
AB::ArchitecturalPlantOns::2.0,uvlayout::3.0,15
AB::ArchitecturalPlantOns::2.0,uvtransform::2.0,4
AB::AwningGenerator::2.0,attribcreate::2.0,3
AB::AwningGenerator::2.0,fuse::2.0,2
AB::AwningGenerator::2.0,polyextrude::2.0,11
AB::AwningGenerator::2.0,principledshader::2.0,2
AB::AwningGenerator::2.0,uvlayout::3.0,2
AB::BalconyGenerator::2.0,AB::HardwareMaker::2.0,1
AB::BalconyGenerator::2.0,AB::MetalExtrusionMaker::2.0,1
AB::BalconyGenerator::2.0,attribcreate::2.0,7
AB::BalconyGenerator::2.0,bakeexports::2.0,2
AB::BalconyGenerator::2.0,computelighting::2.0,1
AB::BalconyGenerator::2.0,copytopoints::2.0,3
AB::BalconyGenerator::2.0,polybevel::2.0,2
AB::BalconyGenerator::2.0,polybevel::3.0,2
AB::BalconyGenerator::2.0,polyextrude::2.0,5
AB::BalconyGenerator::2.0,principledshader::2.0,2
AB::BalconyGenerator::2.0,surfacecolor::3.0,1
AB::BalconyGenerator::2.0,texture::2.0,1
AB::BalconyGenerator::2.0,uvcoords::2.0,3
AB::BalconyGenerator::2.0,uvlayout::3.0,2
AB::BarbwireGenerator::2.0,attribcreate::2.0,2
AB::BarbwireGenerator::2.0,copytopoints::2.0,1
AB::BarbwireGenerator::2.0,labs::spiral::1.1,1
AB::BarbwireGenerator::2.0,mountain::2.0,1
AB::BarbwireGenerator::2.0,principledshader::2.0,1
AB::BarbwireGenerator::2.0,sweep::2.0,1
AB::BarbwireGenerator::2.0,uvlayout::3.0,2
AB::BillboardGenerator::2.1,AB::MetalExtrusionMaker::2.0,2
AB::BillboardGenerator::2.1,attribcreate::2.0,24
AB::BillboardGenerator::2.1,bakeexports::2.0,10
AB::BillboardGenerator::2.1,boolean::2.0,2
AB::BillboardGenerator::2.1,computelighting::2.0,5
AB::BillboardGenerator::2.1,copytopoints::2.0,9
AB::BillboardGenerator::2.1,fuse::2.0,10
AB::BillboardGenerator::2.1,geometryvopglobal::2.0,1
AB::BillboardGenerator::2.1,labs::measure_curvature::3.0,1
AB::BillboardGenerator::2.1,polybevel::3.0,13
AB::BillboardGenerator::2.1,polyextrude::2.0,6
AB::BillboardGenerator::2.1,principledshader::2.0,8
AB::BillboardGenerator::2.1,surfacecolor::3.0,2
AB::BillboardGenerator::2.1,sweep::2.0,7
AB::BillboardGenerator::2.1,testgeometry_shaderball::2.0,2
AB::BillboardGenerator::2.1,texture::2.0,2
AB::BillboardGenerator::2.1,uvcoords::2.0,10
AB::BillboardGenerator::2.1,uvflatten::3.0,4
AB::BillboardGenerator::2.1,uvlayout::3.0,10
AB::BillboardGenerator::2.1,uvtransform::2.0,17
AB::BlocksRGB::1.0,AOD::BlockSingle::1.3,1
AB::BlocksRGB::1.0,attribcreate::2.0,11
AB::BlocksRGB::1.0,copytopoints::2.0,2
AB::BlocksRGB::1.0,fuse::2.0,9
AB::BlocksRGB::1.0,geometryvopglobal::2.0,3
AB::BlocksRGB::1.0,polybevel::3.0,3
AB::BlocksRGB::1.0,polyextrude::2.0,10
AB::BlocksRGB::1.0,texture::2.0,1
AB::BlocksRGB::1.0,uvcoords::2.0,3
AB::BlocksRGB::1.0,uvtransform::2.0,4
AB::BridgeGenerator::2.0,attribcreate::2.0,5
AB::BridgeGenerator::2.0,boolean::2.0,11
AB::BridgeGenerator::2.0,copytopoints::2.0,9
AB::BridgeGenerator::2.0,dissolve::2.0,1
AB::BridgeGenerator::2.0,fuse::2.0,32
AB::BridgeGenerator::2.0,geometryvopglobal::2.0,1
AB::BridgeGenerator::2.0,labs::measure_curvature::3.0,1
AB::BridgeGenerator::2.0,polybevel::3.0,7
AB::BridgeGenerator::2.0,polyextrude::2.0,58
AB::BridgeGenerator::2.0,sweep::2.0,6
AB::BridgeGenerator::2.0,uvcoords::2.0,1
AB::BridgeGenerator::2.0,uvlayout::3.0,12
AB::BridgeGenerator::2.0,uvtransform::2.0,8
AB::BuildingFootprintGenerator::1.0,copytopoints::2.0,1
AB::BuildingLightGenerator::2.1,attribcreate::2.0,22
AB::BuildingLightGenerator::2.1,copytopoints::2.0,2
AB::BuildingLightGenerator::2.1,curve::2.0,1
AB::BuildingLightGenerator::2.1,fuse::2.0,3
AB::BuildingLightGenerator::2.1,polybevel::3.0,10
AB::BuildingLightGenerator::2.1,polyextrude::2.0,22
AB::BuildingLightGenerator::2.1,sweep::2.0,1
AB::BuildingLightGenerator::2.1,uvflatten::3.0,6
AB::BuildingLightGenerator::2.1,uvlayout::3.0,6
AB::BusStopGenerator::2.0,copytopoints::2.0,3
AB::BusStopGenerator::2.0,fuse::2.0,1
AB::BusStopGenerator::2.0,polybevel::3.0,1
AB::BusStopGenerator::2.0,polyextrude::2.0,12
AB::BusStopGenerator::2.0,principledshader::2.0,4
AB::BusStopGenerator::2.0,uvlayout::3.0,2
AB::ButtonPanels::1.1,attribcreate::2.0,2
AB::ButtonPanels::1.1,fuse::2.0,2
AB::ButtonPanels::1.1,geometryvopglobal::2.0,1
AB::ButtonPanels::1.1,polybevel::3.0,3
AB::ButtonPanels::1.1,polyextrude::2.0,4
AB::ButtonPanels::1.1,uvflatten::3.0,2
AB::ButtonPanels::1.1,uvlayout::3.0,1
AB::CeramicPotGenerator::1.0,uvflatten::2.0,4
AB::CeramicPotGenerator::1.0,uvlayout::2.0,4
AB::CeramicPotGenerator::1.0,uvtransform::2.0,3
AB::ChainGenerator::3.0,uvlayout::2.0,1
AB::CircularNoise::1.0,geometryvopglobal::2.0,2
AB::CityGenerator::2.5,attribcreate::2.0,151
AB::CityGenerator::2.5,clip::2.0,42
AB::CityGenerator::2.5,copytopoints::2.0,12
AB::CityGenerator::2.5,fuse::2.0,24
AB::CityGenerator::2.5,geometryvopglobal::2.0,2
AB::CityGenerator::2.5,polyextrude::2.0,95
AB::CityGenerator::2.5,scatter::2.0,1
AB::CityGenerator::2.5,sweep::2.0,10
AB::CityGenerator::2.5,uvcoords::2.0,1
AB::CityGridGenerator::1.4,AB::GroupWalls::2.0,3
AB::CityGridGenerator::1.4,AB::ManhattenDistance::2.0,3
AB::CityGridGenerator::1.4,AB::RadialFalloff::1.0,3
AB::CityGridGenerator::1.4,AB::SubdivideLots::2.0,1
AB::CityGridGenerator::1.4,attribcreate::2.0,16
AB::CityGridGenerator::1.4,boolean::2.0,5
AB::CityGridGenerator::1.4,clip::2.0,38
AB::CityGridGenerator::1.4,fuse::2.0,17
AB::CityGridGenerator::1.4,geometryvopglobal::2.0,3
AB::CityGridGenerator::1.4,labs::color_adjustment,1
AB::CityGridGenerator::1.4,labs::color_gradient,1
AB::CityGridGenerator::1.4,labs::delete_small_parts,1
AB::CityGridGenerator::1.4,measure::2.0,4
AB::CityGridGenerator::1.4,polybevel::3.0,8
AB::CityGridGenerator::1.4,polyextrude::2.0,23
AB::CityGridGenerator::1.4,polysplit::2.0,84
AB::CityGridGenerator::1.4,scatter::2.0,6
AB::CityGridGenerator::1.4,uvlayout::3.0,1
AB::CityGridGenerator::1.4,uvtransform::2.0,1
AB::CityGridGenerator::1.4,voronoifracture::2.0,3
AB::ColorByVelocity::1.0,geometryvopglobal::2.0,1
AB::CommercialSignGenerator::4.8,AB::HardwareMaker::2.0,3
AB::CommercialSignGenerator::4.8,attribcreate::2.0,47
AB::CommercialSignGenerator::4.8,boolean::2.0,6
AB::CommercialSignGenerator::4.8,copytopoints::2.0,8
AB::CommercialSignGenerator::4.8,dissolve::2.0,2
AB::CommercialSignGenerator::4.8,fuse::2.0,22
AB::CommercialSignGenerator::4.8,geometryvopglobal::2.0,2
AB::CommercialSignGenerator::4.8,labs::straight_skeleton_2D,1
AB::CommercialSignGenerator::4.8,polybevel::2.0,11
AB::CommercialSignGenerator::4.8,polybevel::3.0,19
AB::CommercialSignGenerator::4.8,polyextrude::2.0,64
AB::CommercialSignGenerator::4.8,polysplit::2.0,6
AB::CommercialSignGenerator::4.8,principledshader::2.0,7
AB::CommercialSignGenerator::4.8,surfacecolor::3.0,1
AB::CommercialSignGenerator::4.8,texture::2.0,1
AB::CommercialSignGenerator::4.8,uvcoords::2.0,3
AB::CommercialSignGenerator::4.8,uvflatten::3.0,2
AB::CommercialSignGenerator::4.8,uvlayout::3.0,5
AB::CommercialSignGenerator::4.8,uvtransform::2.0,13
AB::CopyByDensity::1.0,attribcreate::2.0,2
AB::CopyByDensity::1.0,scatter::2.0,2
AB::CopyWithRotation::1.0,eulertoquat::2.0,1
AB::CopyWithRotation::1.0,geometryvopglobal::2.0,1
AB::CopyWithRotation::1.0,scatter::2.0,1
AB::CreateCircuitCurves::2.0,copytopoints::2.0,1
AB::CreateCircuitCurves::2.0,geometryvopglobal::2.0,1
AB::CreateCircuitCurves::2.0,sweep::2.0,1
AB::CreateCircuitCurves::2.0,uvcoords::2.0,1
AB::CreateLODs::2.0,polyreduce::2.0,5
AB::CreateLODs::2.0,uvlayout::3.0,5
AB::CreateRGBNoise::1.0,geometryvopglobal::2.0,1
AB::CrystalGenerator::1.0,AOD::hero_crystal::1.0,1
AB::CrystalGenerator::1.0,attribcreate::2.0,6
AB::CrystalGenerator::1.0,boolean::2.0,4
AB::CrystalGenerator::1.0,copytopoints::2.0,4
AB::CrystalGenerator::1.0,efit::2.0,2
AB::CrystalGenerator::1.0,explodedview::2.0,1
AB::CrystalGenerator::1.0,fuse::2.0,4
AB::CrystalGenerator::1.0,geometryvopglobal::2.0,8
AB::CrystalGenerator::1.0,labs::calculate_occlusion::2.0,2
AB::CrystalGenerator::1.0,labs::measure_curvarture::2.0,1
AB::CrystalGenerator::1.0,labs::measure_curvature::3.0,1
AB::CrystalGenerator::1.0,mountain::2.0,1
AB::CrystalGenerator::1.0,polybevel::3.0,5
AB::CrystalGenerator::1.0,polyextrude::2.0,4
AB::CrystalGenerator::1.0,polyreduce::2.0,1
AB::CrystalGenerator::1.0,polysplit::2.0,4
AB::CrystalGenerator::1.0,remesh::2.0,1
AB::CrystalGenerator::1.0,scatter::2.0,5
AB::CrystalGenerator::1.0,uvcoords::2.0,1
AB::CrystalGenerator::1.0,uvlayout::3.0,4
AB::CrystalGenerator::1.0,voronoifracture::2.0,1
AB::CycGenerator::1.0,polybevel::2.0,1
AB::CycGenerator::1.0,polyextrude::2.0,1
AB::DestructionBuilding::1.0,AB::BuildingLightGenerator::2.1,1
AB::DestructionBuilding::1.0,AB::DoorsCreateCopies::1.2,1
AB::DestructionBuilding::1.0,AB::FancyCurves::2.0,3
AB::DestructionBuilding::1.0,AB::GroupWalls::2.0,4
AB::DestructionBuilding::1.0,AB::WindowGenerator::3.1,4
AB::DestructionBuilding::1.0,AB::WindowsCreateCopies::2.0,7
AB::DestructionBuilding::1.0,attribcreate::2.0,28
AB::DestructionBuilding::1.0,clip::2.0,8
AB::DestructionBuilding::1.0,copytopoints::2.0,10
AB::DestructionBuilding::1.0,fuse::2.0,34
AB::DestructionBuilding::1.0,measure::2.0,1
AB::DestructionBuilding::1.0,polybevel::3.0,1
AB::DestructionBuilding::1.0,polyextrude::2.0,23
AB::DestructionBuilding::1.0,sweep::2.0,3
AB::DestructionBuilding::1.0,uvflatten::3.0,2
AB::DestructionBuilding::1.0,uvlayout::3.0,5
AB::DestructionBuilding::1.0,uvtransform::2.0,1
AB::DomeGenerator::1.0,AB::FancyCurves::2.0,2
AB::DomeGenerator::1.0,attribcreate::2.0,15
AB::DomeGenerator::1.0,copytopoints::2.0,11
AB::DomeGenerator::1.0,dissolve::2.0,1
AB::DomeGenerator::1.0,fuse::2.0,1
AB::DomeGenerator::1.0,polybevel::3.0,2
AB::DomeGenerator::1.0,polyextrude::2.0,8
AB::DomeGenerator::1.0,sweep::2.0,3
AB::DomeGenerator::1.0,uvflatten::3.0,1
AB::DomeGenerator::1.0,uvlayout::3.0,3
AB::DomeGenerator::1.0,uvtransform::2.0,1
AB::DoorGenerator::4.0,AB::DoorHardware::2.0,3
AB::DoorGenerator::4.0,AB::FancyCurves::2.0,1
AB::DoorGenerator::4.0,AB::HardwareMaker::2.0,2
AB::DoorGenerator::4.0,attribcreate::2.0,11
AB::DoorGenerator::4.0,bakeexports::2.0,16
AB::DoorGenerator::4.0,boolean::2.0,3
AB::DoorGenerator::4.0,computelighting::2.0,8
AB::DoorGenerator::4.0,copytopoints::2.0,4
AB::DoorGenerator::4.0,dissolve::2.0,7
AB::DoorGenerator::4.0,fuse::2.0,27
AB::DoorGenerator::4.0,geometryvopglobal::2.0,1
AB::DoorGenerator::4.0,polybevel::2.0,12
AB::DoorGenerator::4.0,polybevel::3.0,14
AB::DoorGenerator::4.0,polyextrude::2.0,75
AB::DoorGenerator::4.0,polysplit::2.0,20
AB::DoorGenerator::4.0,principledshader::2.0,11
AB::DoorGenerator::4.0,surfacecolor::3.0,2
AB::DoorGenerator::4.0,sweep::2.0,1
AB::DoorGenerator::4.0,texture::2.0,2
AB::DoorGenerator::4.0,uvcoords::2.0,10
AB::DoorGenerator::4.0,uvflatten::3.0,4
AB::DoorGenerator::4.0,uvlayout::3.0,11
AB::DoorGenerator::4.0,uvtransform::2.0,2
AB::DoorHardware::2.0,AB::HardwareMaker::2.0,1
AB::DoorHardware::2.0,attribcreate::2.0,8
AB::DoorHardware::2.0,dissolve::2.0,14
AB::DoorHardware::2.0,fuse::2.0,15
AB::DoorHardware::2.0,polybevel::2.0,1
AB::DoorHardware::2.0,polybevel::3.0,12
AB::DoorHardware::2.0,polyextrude::2.0,31
AB::DoorHardware::2.0,polysplit::2.0,125
AB::DoorHardware::2.0,revolve::2.0,2
AB::DoorHardware::2.0,sweep::2.0,4
AB::DoorHardware::2.0,uvflatten::3.0,4
AB::DoorHardware::2.0,uvlayout::3.0,8
AB::DoorHardware::2.0,uvtransform::2.0,1
AB::DoorsCreateCopies::1.2,AB::DoorGenerator::4.0,1
AB::DoorsCreateCopies::1.2,attribcreate::2.0,1
AB::DoorsCreateCopies::1.2,copytopoints::2.0,3
AB::DoorsCreateCopies::1.2,fuse::2.0,7
AB::DoorsCreateCopies::1.2,polyextrude::2.0,1
AB::DowntownBuilding::3.6,AB::BuildingLightGenerator::2.1,1
AB::DowntownBuilding::3.6,AB::DoorsCreateCopies::1.2,1
AB::DowntownBuilding::3.6,AB::FancyCurves::2.0,3
AB::DowntownBuilding::3.6,AB::GroupWalls::2.0,4
AB::DowntownBuilding::3.6,AB::WindowGenerator::3.1,4
AB::DowntownBuilding::3.6,AB::WindowsCreateCopies::2.0,8
AB::DowntownBuilding::3.6,attribcreate::2.0,31
AB::DowntownBuilding::3.6,clip::2.0,8
AB::DowntownBuilding::3.6,copytopoints::2.0,13
AB::DowntownBuilding::3.6,fuse::2.0,37
AB::DowntownBuilding::3.6,measure::2.0,1
AB::DowntownBuilding::3.6,polybevel::3.0,1
AB::DowntownBuilding::3.6,polyextrude::2.0,24
AB::DowntownBuilding::3.6,sweep::2.0,3
AB::DowntownBuilding::3.6,uvflatten::3.0,2
AB::DowntownBuilding::3.6,uvlayout::3.0,6
AB::DowntownBuilding::3.6,uvtransform::2.0,2
AB::DroopyWires::1.0,attribcreate::2.0,7
AB::DroopyWires::1.0,copytopoints::2.0,1
AB::DroopyWires::1.0,fuse::2.0,1
AB::DroopyWires::1.0,geometryvopglobal::2.0,2
AB::DroopyWires::1.0,measure::2.0,1
AB::DroopyWires::1.0,polyextrude::2.0,1
AB::DroopyWires::1.0,scatter::2.0,2
AB::DroopyWires::1.0,sweep::2.0,1
AB::DroopyWires::1.0,uvcoords::2.0,1
AB::ElectricBoxGenerator::2.0,copytopoints::2.0,1
AB::ElectricBoxGenerator::2.0,fuse::2.0,2
AB::ElectricBoxGenerator::2.0,polybevel::3.0,1
AB::ElectricBoxGenerator::2.0,polyextrude::2.0,6
AB::ElectricBoxGenerator::2.0,principledshader::2.0,1
AB::ElectricBoxGenerator::2.0,uvlayout::3.0,2
AB::ElectricalParts::2.0,attribcreate::2.0,1
AB::ElectricalParts::2.0,boolean::2.0,7
AB::ElectricalParts::2.0,dissolve::2.0,6
AB::ElectricalParts::2.0,fuse::2.0,1
AB::ElectricalParts::2.0,polybevel::2.0,39
AB::ElectricalParts::2.0,polyextrude::2.0,71
AB::ElectricalParts::2.0,polysplit::2.0,6
AB::ElectricalParts::2.0,uvflatten::3.0,2
AB::ElectricalParts::2.0,uvlayout::3.0,3
AB::ElectricalPropGenerator::2.0,attribcreate::2.0,15
AB::ElectricalPropGenerator::2.0,boolean::2.0,1
AB::ElectricalPropGenerator::2.0,polybevel::2.0,8
AB::ElectricalPropGenerator::2.0,polybevel::3.0,2
AB::ElectricalPropGenerator::2.0,polyextrude::2.0,18
AB::ElectricalPropGenerator::2.0,uvlayout::3.0,9
AB::ElectricalPropGenerator::2.0,uvtransform::2.0,3
AB::ElectronicComponentGenerator::1.0,AB::GroupWalls::2.0,3
AB::ElectronicComponentGenerator::1.0,AB::HardwareMaker::2.0,1
AB::ElectronicComponentGenerator::1.0,attribcreate::2.0,19
AB::ElectronicComponentGenerator::1.0,boolean::2.0,1
AB::ElectronicComponentGenerator::1.0,copytopoints::2.0,1
AB::ElectronicComponentGenerator::1.0,curve::2.0,3
AB::ElectronicComponentGenerator::1.0,fuse::2.0,7
AB::ElectronicComponentGenerator::1.0,polybevel::3.0,12
AB::ElectronicComponentGenerator::1.0,polyextrude::2.0,17
AB::ElectronicComponentGenerator::1.0,revolve::2.0,1
AB::ElectronicComponentGenerator::1.0,uvflatten::3.0,2
AB::ElectronicComponentGenerator::1.0,uvlayout::3.0,2
AB::ElectronicComponentGenerator::1.0,uvtransform::2.0,1
AB::EqualizerGraph::1.0,attribcreate::2.0,1
AB::ExtendedSweep::2.0,uvtransform::2.0,2
AB::FancyCurves::2.0,copytopoints::2.0,11
AB::FancyCurves::2.0,dissolve::2.0,1
AB::FancyCurves::2.0,fuse::2.0,1
AB::FancyCurves::2.0,polybevel::3.0,2
AB::FancyCurves::2.0,uvtransform::2.0,1
AB::FireEscapeGenerator::2.0,AB::LadderGenerator::2.0,1
AB::FireEscapeGenerator::2.0,pbrdiffuse::3.0,1
AB::FireEscapeGenerator::2.0,polyextrude::2.0,17
AB::FireEscapeGenerator::2.0,uvlayout::3.0,7
AB::FireEscapeGenerator::2.0,uvtransform::2.0,1
AB::FireHydrantGenerator::2.0,AB::HardwareMaker::2.0,3
AB::FireHydrantGenerator::2.0,attribcreate::2.0,1
AB::FireHydrantGenerator::2.0,copytopoints::2.0,1
AB::FireHydrantGenerator::2.0,dissolve::2.0,2
AB::FireHydrantGenerator::2.0,fuse::2.0,50
AB::FireHydrantGenerator::2.0,labs::measure_curvature::3.0,2
AB::FireHydrantGenerator::2.0,polybevel::2.0,63
AB::FireHydrantGenerator::2.0,polybevel::3.0,5
AB::FireHydrantGenerator::2.0,polyextrude::2.0,14
AB::FireHydrantGenerator::2.0,polysplit::2.0,17
AB::FireHydrantGenerator::2.0,uvflatten::3.0,17
AB::FireHydrantGenerator::2.0,uvlayout::3.0,8
AB::FloatingIslands::1.0,attribcreate::2.0,1
AB::FloatingIslands::1.0,geometryvopglobal::2.0,6
AB::FloatingIslands::1.0,polyreduce::2.0,1
AB::FloatingIslands::1.0,scatter::2.0,2
AB::FloatingIslands::1.0,uvcoords::2.0,5
AB::FloatingIslands::1.0,uvlayout::3.0,1
AB::FloatingIslands::1.0,uvtransform::2.0,1
AB::Flocking::1.0,copytopoints::2.0,1
AB::Flocking::1.0,geometryvopglobal::2.0,2
AB::Flocking::1.0,polyextrude::2.0,1
AB::FlowerDesigner::1.0,attribcreate::2.0,1
AB::FlowerDesigner::1.0,attribnoise::2.0,1
AB::FlowerDesigner::1.0,blendshapes::2.0,2
AB::FlowerDesigner::1.0,copytopoints::2.0,2
AB::FlowerDesigner::1.0,curve::2.0,1
AB::FlowerDesigner::1.0,fuse::2.0,6
AB::FlowerDesigner::1.0,geometryvopglobal::2.0,7
AB::FlowerDesigner::1.0,kinefx::characterpack,2
AB::FlowerDesigner::1.0,kinefx::characterunpack,2
AB::FlowerDesigner::1.0,kinefx::fullbodyik,1
AB::FlowerDesigner::1.0,kinefx::rigattribwrangle,6
AB::FlowerDesigner::1.0,kinefx::rigdoctor,3
AB::FlowerDesigner::1.0,kinefx::rigpose,2
AB::FlowerDesigner::1.0,polybevel::3.0,2
AB::FlowerDesigner::1.0,polyextrude::2.0,1
AB::FlowerDesigner::1.0,smooth::2.0,2
AB::FlowerDesigner::1.0,sweep::2.0,1
AB::FlowerDesigner::1.0,testgeometry_shaderball::2.0,1
AB::FlowerDesigner::1.0,unifiednoise::3.0,1
AB::FlowerDesigner::1.0,uvcoords::2.0,4
AB::FlowerDesigner::1.0,uvtransform::2.0,1
AB::FlowerGenerator::1.0,AB::CrystalGenerator::1.0,1
AB::FlowerGenerator::1.0,copytopoints::2.0,2
AB::FlowerGenerator::1.0,fuse::2.0,7
AB::FlowerGenerator::1.0,geometryvopglobal::2.0,6
AB::FlowerGenerator::1.0,kinefx::characterpack,1
AB::FlowerGenerator::1.0,kinefx::characterunpack,1
AB::FlowerGenerator::1.0,kinefx::fullbodyik,1
AB::FlowerGenerator::1.0,kinefx::rigattribwrangle,4
AB::FlowerGenerator::1.0,kinefx::rigdoctor,1
AB::FlowerGenerator::1.0,kinefx::rigpose,1
AB::FlowerGenerator::1.0,sweep::2.0,1
AB::FlowerGenerator::1.0,unifiednoise::3.0,1
AB::FlowerGenerator::1.0,uvcoords::2.0,3
AB::FlowerGenerator::1.0,uvflatten::3.0,1
AB::FlowerGenerator::1.0,uvlayout::3.0,3
AB::FuturisticBuildings::2.2,AB::GroupWalls::2.0,1
AB::FuturisticBuildings::2.2,AB::ModulesCyberPunk::2.0,1
AB::FuturisticBuildings::2.2,attribcreate::2.0,11
AB::FuturisticBuildings::2.2,boolean::2.0,2
AB::FuturisticBuildings::2.2,clip::2.0,1
AB::FuturisticBuildings::2.2,copytopoints::2.0,2
AB::FuturisticBuildings::2.2,fuse::2.0,15
AB::FuturisticBuildings::2.2,geometryvopglobal::2.0,1
AB::FuturisticBuildings::2.2,measure::2.0,4
AB::FuturisticBuildings::2.2,polybevel::3.0,3
AB::FuturisticBuildings::2.2,polyextrude::2.0,25
AB::FuturisticBuildings::2.2,polyreduce::2.0,1
AB::FuturisticBuildings::2.2,principledshader::2.0,5
AB::FuturisticBuildings::2.2,scatter::2.0,3
AB::FuturisticBuildings::2.2,uvcoords::2.0,1
AB::FuturisticBuildings::2.2,uvflatten::3.0,2
AB::FuturisticBuildings::2.2,uvlayout::3.0,3
AB::FuturisticBuildings::2.2,uvtransform::2.0,12
AB::FuturisticBuildings::2.2,voronoifracture::2.0,2
AB::GraphicSigns::2.0,polybevel::3.0,5
AB::GraphicSigns::2.0,polyextrude::2.0,7
AB::GrassGenerator::1.0,copytopoints::2.0,1
AB::GrassGenerator::1.0,geometryvopglobal::2.0,2
AB::GrassGenerator::1.0,scatter::2.0,1
AB::GrassGenerator::1.0,sweep::2.0,1
AB::GrassGenerator::1.0,uvcoords::2.0,2
AB::GrassGenerator::1.0,uvlayout::3.0,1
AB::GrowthFromPoints::1.0,fuse::2.0,1
AB::GrowthFromPoints::1.0,geometryvopglobal::2.0,2
AB::GrowthFromPoints::1.0,scatter::2.0,3
AB::GrowthFromPoints::1.0,smooth::2.0,2
AB::HandrailGenerator::3.0,polybevel::2.0,2
AB::HandrailGenerator::3.0,polyextrude::2.0,1
AB::HangingClothGenerator::1.5,fuse::2.0,1
AB::HangingClothGenerator::1.5,geometryvopglobal::2.0,2
AB::HangingClothGenerator::1.5,principledshader::2.0,2
AB::HangingClothGenerator::1.5,remesh::2.0,1
AB::HangingClothGenerator::1.5,uvflatten::3.0,2
AB::HangingClothGenerator::1.5,uvlayout::3.0,1
AB::HardwareMaker::2.0,attribcreate::2.0,4
AB::HardwareMaker::2.0,boolean::2.0,3
AB::HardwareMaker::2.0,copytopoints::2.0,1
AB::HardwareMaker::2.0,curve::2.0,1
AB::HardwareMaker::2.0,fuse::2.0,8
AB::HardwareMaker::2.0,polybevel::2.0,1
AB::HardwareMaker::2.0,polybevel::3.0,15
AB::HardwareMaker::2.0,polyextrude::2.0,22
AB::HardwareMaker::2.0,polysplit::2.0,94
AB::HardwareMaker::2.0,sweep::2.0,2
AB::HardwareMaker::2.0,uvflatten::3.0,3
AB::HardwareMaker::2.0,uvlayout::3.0,2
AB::HayBaleGenerator::1.0,geometryvopglobal::2.0,3
AB::HayBaleGenerator::1.0,polybevel::3.0,1
AB::HayBaleGenerator::1.0,polyextrude::2.0,1
AB::HayBaleGenerator::1.0,principledshader::2.0,2
AB::HayBaleGenerator::1.0,uvlayout::3.0,1
AB::HighwaySignGenerator::5.0,AB::GroupWalls::2.0,1
AB::HighwaySignGenerator::5.0,AB::HardwareMaker::2.0,3
AB::HighwaySignGenerator::5.0,AB::MetalExtrusionMaker::2.0,6
AB::HighwaySignGenerator::5.0,AB::SignHighway::2.0,3
AB::HighwaySignGenerator::5.0,AB::SignLibrary::1.0,4
AB::HighwaySignGenerator::5.0,attribcreate::2.0,22
AB::HighwaySignGenerator::5.0,bakeexports::2.0,2
AB::HighwaySignGenerator::5.0,computelighting::2.0,1
AB::HighwaySignGenerator::5.0,copytopoints::2.0,13
AB::HighwaySignGenerator::5.0,dissolve::2.0,1
AB::HighwaySignGenerator::5.0,fuse::2.0,8
AB::HighwaySignGenerator::5.0,geometryvopglobal::2.0,3
AB::HighwaySignGenerator::5.0,labs::measure_curvature::3.0,1
AB::HighwaySignGenerator::5.0,polybevel::3.0,22
AB::HighwaySignGenerator::5.0,polyextrude::2.0,46
AB::HighwaySignGenerator::5.0,principledshader::2.0,12
AB::HighwaySignGenerator::5.0,scatter::2.0,1
AB::HighwaySignGenerator::5.0,surfacecolor::3.0,2
AB::HighwaySignGenerator::5.0,sweep::2.0,3
AB::HighwaySignGenerator::5.0,texture::2.0,3
AB::HighwaySignGenerator::5.0,uvcoords::2.0,6
AB::HighwaySignGenerator::5.0,uvflatten::3.0,1
AB::HighwaySignGenerator::5.0,uvlayout::3.0,16
AB::HighwaySignGenerator::5.0,uvtransform::2.0,22
AB::HudMaker::2.0,attribcreate::2.0,4
AB::HudMaker::2.0,copytopoints::2.0,1
AB::HudMaker::2.0,fuse::2.0,1
AB::HudMaker::2.0,polybevel::3.0,1
AB::HudMaker::2.0,polyextrude::2.0,1
AB::IndustrialBuildings::2.1,AB::WindowGenerator::3.1,3
AB::IndustrialBuildings::2.1,boolean::2.0,1
AB::IndustrialBuildings::2.1,copytopoints::2.0,6
AB::IndustrialBuildings::2.1,fuse::2.0,10
AB::IndustrialBuildings::2.1,polyextrude::2.0,15
AB::IndustrialBuildings::2.1,scatter::2.0,1
AB::IndustrialBuildings::2.1,uvlayout::3.0,4
AB::IndustrialBuildings::2.1,uvtransform::2.0,6
AB::LadderGenerator::2.0,attribcreate::2.0,2
AB::LadderGenerator::2.0,boolean::2.0,1
AB::LadderGenerator::2.0,copytopoints::2.0,1
AB::LadderGenerator::2.0,geometryvopglobal::2.0,3
AB::LadderGenerator::2.0,polybevel::2.0,1
AB::LadderGenerator::2.0,polybevel::3.0,2
AB::LargeWalls::1.0,dissolve::2.0,1
AB::LargeWalls::1.0,fuse::2.0,4
AB::LargeWalls::1.0,polybevel::3.0,1
AB::LargeWalls::1.0,polyextrude::2.0,6
AB::LargeWalls::1.0,polysplit::2.0,5
AB::LargeWalls::1.0,uvlayout::3.0,6
AB::LargeWalls::1.0,uvtransform::2.0,25
AB::LightningMaker::1.5,geometryvopglobal::2.0,3
AB::LightningMaker::1.5,popsolver::2.0,1
AB::LightningMaker::1.5,popsource::2.0,1
AB::LowPolyTrees::2.0,geometryvopglobal::2.0,9
AB::LowPolyTrees::2.0,labs::calculate_occlusion,1
AB::LowWalls::1.1,attribcreate::2.0,5
AB::LowWalls::1.1,boolean::2.0,1
AB::LowWalls::1.1,copytopoints::2.0,5
AB::LowWalls::1.1,fuse::2.0,4
AB::LowWalls::1.1,geometryvopglobal::2.0,3
AB::LowWalls::1.1,polybevel::3.0,3
AB::LowWalls::1.1,polyextrude::2.0,24
AB::LowWalls::1.1,scatter::2.0,1
AB::LowWalls::1.1,sweep::2.0,4
AB::LowWalls::1.1,uvcoords::2.0,1
AB::LowWalls::1.1,uvlayout::3.0,6
AB::LowWalls::1.1,uvtransform::2.0,2
AB::MModulesArtDeco::2.0,dissolve::2.0,5
AB::MModulesArtDeco::2.0,polyextrude::2.0,31
AB::MModulesArtDeco::2.0,polysplit::2.0,2
AB::MailBoxGenerator::2.0,copytopoints::2.0,1
AB::MailBoxGenerator::2.0,polybevel::3.0,1
AB::MailBoxGenerator::2.0,polyextrude::2.0,5
AB::MailBoxGenerator::2.0,principledshader::2.0,1
AB::MailBoxGenerator::2.0,uvlayout::3.0,2
AB::ManhattenDistance::2.0,attribcreate::2.0,1
AB::ManhattenDistance::2.0,fuse::2.0,1
AB::ManhattenDistance::2.0,polyextrude::2.0,2
AB::ManhattenDistance::2.0,scatter::2.0,1
AB::MaterialAssignments::1.0,attribcreate::2.0,3
AB::MaterialAssignments::1.0,principledshader::2.0,2
AB::MetalExtrusionMaker::2.0,polybevel::2.0,1
AB::ModernLightGenerator::1.0,attribcreate::2.0,12
AB::ModernLightGenerator::1.0,curve::2.0,3
AB::ModernLightGenerator::1.0,fuse::2.0,6
AB::ModernLightGenerator::1.0,principledshader::2.0,1
AB::ModernLightGenerator::1.0,revolve::2.0,3
AB::ModernLightGenerator::1.0,uvflatten::3.0,6
AB::ModernLightGenerator::1.0,uvlayout::3.0,2
AB::ModernLightGenerator::1.0,uvtransform::2.0,5
AB::ModuleAssembler::1.0,copytopoints::2.0,5
AB::ModuleAssembler::1.0,fuse::2.0,3
AB::ModuleAssembler::1.0,polyextrude::2.0,3
AB::ModulesBrutalist::1.0,AB::ExtendedSweep::2.0,1
AB::ModulesBrutalist::1.0,dissolve::2.0,4
AB::ModulesBrutalist::1.0,polybevel::2.0,5
AB::ModulesBrutalist::1.0,polyextrude::2.0,32
AB::ModulesBrutalist::1.0,polysplit::2.0,4
AB::ModulesClassical::1.0,AOD::MOD::FireEscapeMaker::1.5,1
AB::ModulesClassical::1.0,attribcreate::2.0,22
AB::ModulesClassical::1.0,copytopoints::2.0,1
AB::ModulesClassical::1.0,dissolve::2.0,7
AB::ModulesClassical::1.0,fuse::2.0,5
AB::ModulesClassical::1.0,polybevel::2.0,15
AB::ModulesClassical::1.0,polybevel::3.0,1
AB::ModulesClassical::1.0,polyextrude::2.0,143
AB::ModulesClassical::1.0,polysplit::2.0,29
AB::ModulesClassical::1.0,uvlayout::3.0,11
AB::ModulesClassical::1.0,uvtransform::2.0,5
AB::ModulesCyberPunk::2.0,AB::FlangeGenerator::2.0,1
AB::ModulesCyberPunk::2.0,attribcreate::2.0,14
AB::ModulesCyberPunk::2.0,boolean::2.0,4
AB::ModulesCyberPunk::2.0,curve::2.0,1
AB::ModulesCyberPunk::2.0,dissolve::2.0,23
AB::ModulesCyberPunk::2.0,fuse::2.0,34
AB::ModulesCyberPunk::2.0,geometryvopglobal::2.0,1
AB::ModulesCyberPunk::2.0,labs::align_and_distribute,1
AB::ModulesCyberPunk::2.0,polybevel::3.0,36
AB::ModulesCyberPunk::2.0,polyextrude::2.0,113
AB::ModulesCyberPunk::2.0,polyreduce::2.0,1
AB::ModulesCyberPunk::2.0,polysplit::2.0,27
AB::ModulesCyberPunk::2.0,principledshader::2.0,3
AB::ModulesCyberPunk::2.0,scatter::2.0,1
AB::ModulesCyberPunk::2.0,sweep::2.0,1
AB::ModulesCyberPunk::2.0,triangulate2d::3.0,1
AB::ModulesCyberPunk::2.0,uvflatten::3.0,4
AB::ModulesCyberPunk::2.0,uvlayout::3.0,14
AB::ModulesCyberPunk::2.0,uvtransform::2.0,2
AB::ModulesCyberPunk::2.0,voronoifracture::2.0,1
AB::ModulesGothic::2.0,AB::FancyCurves::2.0,1
AB::ModulesGothic::2.0,AB::GT_rosette_window_001::1.0,1
AB::ModulesGothic::2.0,AB::gt_rampart_mod_01,1
AB::ModulesGothic::2.0,AOD::arch_creator::1.0,2
AB::ModulesGothic::2.0,AOD::connect_and_partition::1.0,1
AB::ModulesGothic::2.0,AOD::fancy_curves::1.0,2
AB::ModulesGothic::2.0,AOD::stair_generator::1.0,1
AB::ModulesGothic::2.0,attribcreate::2.0,65
AB::ModulesGothic::2.0,copytopoints::2.0,5
AB::ModulesGothic::2.0,dissolve::2.0,58
AB::ModulesGothic::2.0,explodedview::2.0,1
AB::ModulesGothic::2.0,fuse::2.0,123
AB::ModulesGothic::2.0,polybevel::2.0,13
AB::ModulesGothic::2.0,polybevel::3.0,54
AB::ModulesGothic::2.0,polyextrude::2.0,276
AB::ModulesGothic::2.0,polysplit::2.0,123
AB::ModulesGothic::2.0,revolve::2.0,4
AB::ModulesGothic::2.0,scatter::2.0,1
AB::ModulesGothic::2.0,sweep::2.0,6
AB::ModulesGothic::2.0,uvflatten::3.0,58
AB::ModulesGothic::2.0,uvlayout::2.0,6
AB::ModulesGothic::2.0,uvlayout::3.0,72
AB::ModulesGothic::2.0,uvtransform::2.0,83
AB::ModulesGothic::2.0,voronoifracture::2.0,1
AB::ModulesModernist::1.0,dissolve::2.0,2
AB::ModulesModernist::1.0,polyextrude::2.0,26
AB::ModulesModernist::1.0,polysplit::2.0,1
AB::ModulesSkyscrapers::2.0,dissolve::2.0,3
AB::ModulesSkyscrapers::2.0,fuse::2.0,3
AB::ModulesSkyscrapers::2.0,polybevel::3.0,1
AB::ModulesSkyscrapers::2.0,polyextrude::2.0,3
AB::ModulesSkyscrapers::2.0,polysplit::2.0,18
AB::MultiAxisPointScatter::1.0,geometryvopglobal::2.0,1
AB::NeonRainbows::1.0,geometryvopglobal::2.0,1
AB::NeonRainbows::1.0,polybevel::2.0,1
AB::NeonRainbows::1.0,polyextrude::2.0,1
AB::NeonRainbows::1.0,uvcoords::2.0,1
AB::NeonRainbows::1.0,uvtransform::2.0,2
AB::NoisyGrid::1.0,attribcreate::2.0,2
AB::NoisyGrid::1.0,geometryvopglobal::2.0,1
AB::PanelGenerator::2.0,polyextrude::2.0,2
AB::PipeCreator::2.0,AB::HardwareMaker::2.0,1
AB::PipeCreator::2.0,attribcreate::2.0,4
AB::PipeCreator::2.0,bakeexports::2.0,2
AB::PipeCreator::2.0,computelighting::2.0,1
AB::PipeCreator::2.0,copytopoints::2.0,2
AB::PipeCreator::2.0,fuse::2.0,1
AB::PipeCreator::2.0,polybevel::3.0,3
AB::PipeCreator::2.0,principledshader::2.0,3
AB::PipeCreator::2.0,sweep::2.0,1
AB::PipeCreator::2.0,uvlayout::3.0,1
AB::PipesAndEnds::1.0,AB::HardwareMaker::2.0,1
AB::PipesAndEnds::1.0,attribcreate::2.0,2
AB::PipesAndEnds::1.0,boolean::2.0,4
AB::PipesAndEnds::1.0,dissolve::2.0,1
AB::PipesAndEnds::1.0,geometryvopglobal::2.0,1
AB::PipesAndEnds::1.0,polybevel::2.0,6
AB::PipesAndEnds::1.0,polyextrude::2.0,12
AB::PipesAndEnds::1.0,sweep::2.0,1
AB::PipesAndEnds::1.0,uvcoords::2.0,1
AB::PipesAndEnds::1.0,uvflatten::3.0,1
AB::PipesAndEnds::1.0,uvlayout::3.0,1
AB::PlantOnsFuturistic::2.0,labs::align_and_distribute,3
AB::PlanterGenerator::2.0,AB::GroupWalls::2.0,1
AB::PlanterGenerator::2.0,attribcreate::2.0,2
AB::PlanterGenerator::2.0,boolean::2.0,2
AB::PlanterGenerator::2.0,fuse::2.0,1
AB::PlanterGenerator::2.0,geometryvopglobal::2.0,1
AB::PlanterGenerator::2.0,polybevel::3.0,2
AB::PlanterGenerator::2.0,polyextrude::2.0,5
AB::PlanterGenerator::2.0,uvflatten::3.0,2
AB::PlanterGenerator::2.0,uvlayout::3.0,1
AB::PointBlends::1.0,attribcreate::2.0,2
AB::PoleGenerator::1.0,attribcreate::2.0,6
AB::PoleGenerator::1.0,boolean::2.0,4
AB::PoleGenerator::1.0,copytopoints::2.0,1
AB::PoleGenerator::1.0,fuse::2.0,4
AB::PoleGenerator::1.0,polybevel::2.0,1
AB::PoleGenerator::1.0,polybevel::3.0,2
AB::PoleGenerator::1.0,polyextrude::2.0,2
AB::PoleGenerator::1.0,principledshader::2.0,16
AB::PoleGenerator::1.0,surfacecolor::3.0,1
AB::PoleGenerator::1.0,texture::2.0,1
AB::PoleGenerator::1.0,uvcoords::2.0,1
AB::PoleGenerator::1.0,uvflatten::3.0,4
AB::PoleGenerator::1.0,uvlayout::3.0,1
AB::RadialPointSort::1.0,fuse::2.0,1
AB::RadialPointSort::1.0,geometryvopglobal::2.0,1
AB::RadialScatter::1.5,geometryvopglobal::2.0,1
AB::RadialScatter::1.5,scatter::2.0,1
AB::RadialScatter::1.5,triangulate2d::3.0,1
AB::RadialSmoothNoise::1.0,geometryvopglobal::2.0,2
AB::ResortGenerator::3.0,AB::GroupWalls::2.0,1
AB::ResortGenerator::3.0,attribcreate::2.0,1
AB::ResortGenerator::3.0,copytopoints::2.0,4
AB::ResortGenerator::3.0,fuse::2.0,9
AB::ResortGenerator::3.0,polyextrude::2.0,24
AB::ResortGenerator::3.0,principledshader::2.0,1
AB::ResortGenerator::3.0,uvlayout::3.0,7
AB::ResortGenerator::3.0,uvtransform::2.0,7
AB::RetailBuildings::3.2,AB::DoorGenerator::4.0,1
AB::RetailBuildings::3.2,attribcreate::2.0,1
AB::RetailBuildings::3.2,copytopoints::2.0,7
AB::RetailBuildings::3.2,fuse::2.0,11
AB::RetailBuildings::3.2,polyextrude::2.0,21
AB::RetailBuildings::3.2,uvlayout::3.0,6
AB::RetailBuildings::3.2,uvtransform::2.0,5
AB::RoadSimpleGenerator::3.4,AB::GroupWalls::2.0,4
AB::RoadSimpleGenerator::3.4,AB::MaterialAssignments::1.0,2
AB::RoadSimpleGenerator::3.4,AB::MetalExtrusionMaker::2.0,1
AB::RoadSimpleGenerator::3.4,AB::UtilityPoleGenerator::3.0,4
AB::RoadSimpleGenerator::3.4,attribcreate::2.0,85
AB::RoadSimpleGenerator::3.4,attribnoise::2.0,1
AB::RoadSimpleGenerator::3.4,boolean::2.0,3
AB::RoadSimpleGenerator::3.4,clip::2.0,10
AB::RoadSimpleGenerator::3.4,copytopoints::2.0,26
AB::RoadSimpleGenerator::3.4,curve::2.0,6
AB::RoadSimpleGenerator::3.4,dissolve::2.0,2
AB::RoadSimpleGenerator::3.4,fuse::2.0,37
AB::RoadSimpleGenerator::3.4,measure::2.0,6
AB::RoadSimpleGenerator::3.4,polybevel::3.0,21
AB::RoadSimpleGenerator::3.4,polyextrude::2.0,44
AB::RoadSimpleGenerator::3.4,polyreduce::2.0,1
AB::RoadSimpleGenerator::3.4,polysplit::2.0,6
AB::RoadSimpleGenerator::3.4,principledshader::2.0,39
AB::RoadSimpleGenerator::3.4,sweep::2.0,30
AB::RoadSimpleGenerator::3.4,uvlayout::3.0,11
AB::RoadSimpleGenerator::3.4,uvtransform::2.0,8
AB::RoadTerrainGenerator::2.9,AOD::MOD::UtilityPoleKaker::2.5,1
AB::RoadTerrainGenerator::2.9,AOD::connect_and_partition::1.0,1
AB::RoadTerrainGenerator::2.9,copytopoints::2.0,9
AB::RoadTerrainGenerator::2.9,fuse::2.0,16
AB::RoadTerrainGenerator::2.9,geometryvopglobal::2.0,1
AB::RoadTerrainGenerator::2.9,pbrdiffuse::3.0,2
AB::RoadTerrainGenerator::2.9,polybevel::3.0,1
AB::RoadTerrainGenerator::2.9,polyextrude::2.0,5
AB::RoadTerrainGenerator::2.9,principledshader::2.0,5
AB::RoadTerrainGenerator::2.9,sweep::2.0,2
AB::RoadTerrainGenerator::2.9,uvlayout::3.0,3
AB::RoadTerrainGenerator::2.9,uvtransform::2.0,8
AB::RockClumps::2.0,attribcreate::2.0,1
AB::RockClumps::2.0,copytopoints::2.0,1
AB::RockClumps::2.0,geometryvopglobal::2.0,4
AB::RockClumps::2.0,labs::measure_curvature::3.0,1
AB::RockClumps::2.0,remesh::2.0,2
AB::RockClumps::2.0,uvlayout::3.0,1
AB::RockMaker::2.0,AB::CreateRGBNoise::1.0,4
AB::RockMaker::2.0,efit::2.0,2
AB::RockMaker::2.0,geometryvopglobal::2.0,5
AB::RockMaker::2.0,remesh::2.0,3
AB::RockMaker::2.0,scatter::2.0,2
AB::RockMaker::2.0,unifiednoise::3.0,2
AB::RockMaker::2.0,uvlayout::3.0,4
AB::RocksArched::2.0,copytopoints::2.0,1
AB::RocksArched::2.0,fuse::2.0,1
AB::RocksArched::2.0,geometryvopglobal::2.0,2
AB::RocksArched::2.0,polyreduce::2.0,5
AB::RocksArched::2.0,unifiednoise::3.0,1
AB::RocksArched::2.0,uvcoords::2.0,1
AB::RocksArched::2.0,uvlayout::3.0,1
AB::RoofTopSignGenerator::4.8,AB::HardwareMaker::2.0,1
AB::RoofTopSignGenerator::4.8,AB::MetalExtrusionMaker::2.0,4
AB::RoofTopSignGenerator::4.8,attribcreate::2.0,21
AB::RoofTopSignGenerator::4.8,boolean::2.0,1
AB::RoofTopSignGenerator::4.8,copytopoints::2.0,4
AB::RoofTopSignGenerator::4.8,fuse::2.0,7
AB::RoofTopSignGenerator::4.8,geometryvopglobal::2.0,1
AB::RoofTopSignGenerator::4.8,polybevel::2.0,1
AB::RoofTopSignGenerator::4.8,polybevel::3.0,13
AB::RoofTopSignGenerator::4.8,polyextrude::2.0,32
AB::RoofTopSignGenerator::4.8,principledshader::2.0,16
AB::RoofTopSignGenerator::4.8,surfacecolor::3.0,1
AB::RoofTopSignGenerator::4.8,sweep::2.0,1
AB::RoofTopSignGenerator::4.8,texture::2.0,1
AB::RoofTopSignGenerator::4.8,uvcoords::2.0,2
AB::RoofTopSignGenerator::4.8,uvflatten::3.0,1
AB::RoofTopSignGenerator::4.8,uvlayout::3.0,5
AB::RoofTopSignGenerator::4.8,uvtransform::2.0,4
AB::RoofVentGenerator::3.0,pbrdiffuse::3.0,6
AB::RoofVentGenerator::3.0,polybevel::3.0,4
AB::RoofVentGenerator::3.0,polyextrude::2.0,8
AB::RoofVentGenerator::3.0,uvlayout::3.0,3
AB::RooftopMechanicals::3.0,AB::GroupWalls::2.0,1
AB::RooftopMechanicals::3.0,AB::PipesAndEnds::1.0,1
AB::RooftopMechanicals::3.0,attribcreate::2.0,8
AB::RooftopMechanicals::3.0,bakeexports::2.0,2
AB::RooftopMechanicals::3.0,boolean::2.0,1
AB::RooftopMechanicals::3.0,computelighting::2.0,1
AB::RooftopMechanicals::3.0,copytopoints::2.0,2
AB::RooftopMechanicals::3.0,fuse::2.0,4
AB::RooftopMechanicals::3.0,labs::measure_curvature::3.0,1
AB::RooftopMechanicals::3.0,measure::2.0,1
AB::RooftopMechanicals::3.0,polybevel::2.0,4
AB::RooftopMechanicals::3.0,polybevel::3.0,1
AB::RooftopMechanicals::3.0,polyextrude::2.0,5
AB::RooftopMechanicals::3.0,principledshader::2.0,2
AB::RooftopMechanicals::3.0,surfacecolor::3.0,1
AB::RooftopMechanicals::3.0,texture::2.0,1
AB::RooftopMechanicals::3.0,uvcoords::2.0,3
AB::RooftopMechanicals::3.0,uvflatten::3.0,1
AB::RooftopMechanicals::3.0,uvlayout::3.0,3
AB::RooftopProcessor::1.0,AB::AntennaGenerator::3.0,1
AB::RooftopProcessor::1.0,AB::WaterTankGenerator::2.0,1
AB::RooftopProcessor::1.0,attribcreate::2.0,3
AB::RooftopProcessor::1.0,copytopoints::2.0,2
AB::RooftopProcessor::1.0,fuse::2.0,2
AB::RooftopProcessor::1.0,measure::2.0,1
AB::RooftopProcessor::1.0,polyextrude::2.0,1
AB::SateliteDishGenerator::3.0,fuse::2.0,1
AB::SateliteDishGenerator::3.0,revolve::2.0,1
AB::ShippingContainers::4.0,boolean::2.0,3
AB::ShippingContainers::4.0,polybevel::2.0,6
AB::ShippingContainers::4.0,polyextrude::2.0,17
AB::ShippingContainers::4.0,uvlayout::3.0,2
AB::SidewalkProcessor::1.0,boolean::2.0,1
AB::SidewalkProcessor::1.0,fuse::2.0,2
AB::SidewalkProcessor::1.0,polyextrude::2.0,2
AB::SignHighway::2.0,AB::MetalExtrusionMaker::2.0,3
AB::SignHighway::2.0,attribcreate::2.0,13
AB::SignHighway::2.0,copytopoints::2.0,2
AB::SignHighway::2.0,fuse::2.0,2
AB::SignHighway::2.0,polybevel::3.0,9
AB::SignHighway::2.0,polyextrude::2.0,19
AB::SignHighway::2.0,uvflatten::3.0,1
AB::SignHighway::2.0,uvlayout::3.0,2
AB::SignHighway::2.0,uvtransform::2.0,8
AB::SignLibrary::1.0,AB::SignPlate::1.0,1
AB::SignLibrary::1.0,principledshader::2.0,3
AB::SignLibrary::1.0,texture::2.0,1
AB::SignLibrary::1.0,uvcoords::2.0,1
AB::SignPlate::1.0,polybevel::3.0,2
AB::SignPlate::1.0,polyextrude::2.0,1
AB::SingleBlockGenerator::2.0,AB::FireHydrantGenerator::2.0,1
AB::SingleBlockGenerator::2.0,AB::StreetSignGenerator::2.0,1
AB::SingleBlockGenerator::2.0,attribcreate::2.0,21
AB::SingleBlockGenerator::2.0,boolean::2.0,1
AB::SingleBlockGenerator::2.0,copytopoints::2.0,8
AB::SingleBlockGenerator::2.0,dissolve::2.0,1
AB::SingleBlockGenerator::2.0,dopimport::2.0,15
AB::SingleBlockGenerator::2.0,fuse::2.0,5
AB::SingleBlockGenerator::2.0,geometryvopglobal::2.0,5
AB::SingleBlockGenerator::2.0,polybevel::3.0,3
AB::SingleBlockGenerator::2.0,polyextrude::2.0,13
AB::SingleBlockGenerator::2.0,sblend::2.0,1
AB::SingleBlockGenerator::2.0,sopsolver::2.0,6
AB::SingleBlockGenerator::2.0,uvflatten::3.0,3
AB::SingleBlockGenerator::2.0,uvlayout::3.0,2
AB::SingleBlockGenerator::2.0,uvtransform::2.0,9
AB::SkylightGenerator::2.0,AB::HardwareMaker::2.0,1
AB::SkylightGenerator::2.0,attribcreate::2.0,4
AB::SkylightGenerator::2.0,copytopoints::2.0,1
AB::SkylightGenerator::2.0,fuse::2.0,1
AB::SkylightGenerator::2.0,polybevel::2.0,1
AB::SkylightGenerator::2.0,polyextrude::2.0,5
AB::SkylightGenerator::2.0,principledshader::2.0,2
AB::SkylightGenerator::2.0,texture::2.0,2
AB::SkylightGenerator::2.0,uvcoords::2.0,2
AB::SkylightGenerator::2.0,uvlayout::3.0,1
AB::SkylightGenerator::2.0,uvtransform::2.0,1
AB::SkyscraperGenerator::2.1,AB::BuildingFootprintGenerator::1.0,1
AB::SkyscraperGenerator::2.1,AB::DoorsCreateCopies::1.1,2
AB::SkyscraperGenerator::2.1,AB::GroupWalls::2.0,1
AB::SkyscraperGenerator::2.1,AB::WindowsCreateCopies::2.0,3
AB::SkyscraperGenerator::2.1,attribcreate::2.0,52
AB::SkyscraperGenerator::2.1,boolean::2.0,4
AB::SkyscraperGenerator::2.1,copytopoints::2.0,15
AB::SkyscraperGenerator::2.1,fuse::2.0,61
AB::SkyscraperGenerator::2.1,geometryvopglobal::2.0,3
AB::SkyscraperGenerator::2.1,polyextrude::2.0,67
AB::SkyscraperGenerator::2.1,sweep::2.0,6
AB::SkyscraperGenerator::2.1,uvcoords::2.0,3
AB::SkyscraperGenerator::2.1,uvlayout::3.0,7
AB::SmallBridgeGenerator::1.0,polybevel::2.0,1
AB::SmallBridgeGenerator::1.0,polyextrude::2.0,4
AB::SmallBridgeGenerator::1.0,uvlayout::3.0,1
AB::SolarPanelGenerator::3.0,boolean::2.0,1
AB::SolarPanelGenerator::3.0,copytopoints::2.0,4
AB::SolarPanelGenerator::3.0,fuse::2.0,2
AB::SolarPanelGenerator::3.0,pbrdiffuse::3.0,6
AB::SolarPanelGenerator::3.0,polyextrude::2.0,4
AB::SolarPanelGenerator::3.0,uvlayout::3.0,2
AB::SpaceFillingCircuit::1.0,fuse::2.0,1
AB::SpaceFillingCircuit::1.0,sweep::2.0,1
AB::SplashTool::1.0,flipsolver::2.0,1
AB::SplashTool::1.0,geometryvopglobal::2.0,1
AB::SplashTool::1.0,particlefluidsurface::2.0,1
AB::SplashTool::1.0,sopsolver::2.0,1
AB::StairGenerator::1.0,AOD::connect_and_partition::1.0,3
AB::StairGenerator::1.0,copytopoints::2.0,8
AB::StairGenerator::1.0,fuse::2.0,7
AB::StairGenerator::1.0,polybevel::3.0,1
AB::StairGenerator::1.0,polyextrude::2.0,5
AB::StairGenerator::1.0,sweep::2.0,2
AB::StairGenerator::1.0,uvflatten::3.0,1
AB::StairGenerator::1.0,uvlayout::3.0,5
AB::StairGenerator::1.0,uvtransform::2.0,1
AB::StairwayTops::3.0,AB::DoorGenerator::4.0,1
AB::StairwayTops::3.0,AB::ElectricalPropGenerator::2.0,1
AB::StairwayTops::3.0,AB::GroupWalls::2.0,1
AB::StairwayTops::3.0,attribcreate::2.0,9
AB::StairwayTops::3.0,bakeexports::2.0,6
AB::StairwayTops::3.0,computelighting::2.0,3
AB::StairwayTops::3.0,copytopoints::2.0,2
AB::StairwayTops::3.0,fuse::2.0,12
AB::StairwayTops::3.0,polybevel::3.0,3
AB::StairwayTops::3.0,polyextrude::2.0,12
AB::StairwayTops::3.0,principledshader::2.0,5
AB::StairwayTops::3.0,surfacecolor::3.0,3
AB::StairwayTops::3.0,texture::2.0,3
AB::StairwayTops::3.0,uvcoords::2.0,8
AB::StairwayTops::3.0,uvlayout::3.0,6
AB::StairwayTops::3.0,uvtransform::2.0,4
AB::StreetLightGenerator::2.2,AB::HardwareMaker::2.0,1
AB::StreetLightGenerator::2.2,attribcreate::2.0,5
AB::StreetLightGenerator::2.2,copytopoints::2.0,18
AB::StreetLightGenerator::2.2,dissolve::2.0,4
AB::StreetLightGenerator::2.2,fuse::2.0,14
AB::StreetLightGenerator::2.2,pbrdiffuse::3.0,18
AB::StreetLightGenerator::2.2,polybevel::2.0,5
AB::StreetLightGenerator::2.2,polybevel::3.0,15
AB::StreetLightGenerator::2.2,polyextrude::2.0,55
AB::StreetLightGenerator::2.2,principledshader::2.0,3
AB::StreetLightGenerator::2.2,revolve::2.0,2
AB::StreetLightGenerator::2.2,surfacecolor::3.0,1
AB::StreetLightGenerator::2.2,texture::2.0,1
AB::StreetLightGenerator::2.2,uvcoords::2.0,1
AB::StreetLightGenerator::2.2,uvlayout::3.0,12
AB::StreetSignGenerator::3.0,AB::HardwareMaker::2.0,2
AB::StreetSignGenerator::3.0,AB::SignLibrary::1.0,2
AB::StreetSignGenerator::3.0,attribcreate::2.0,7
AB::StreetSignGenerator::3.0,boolean::2.0,4
AB::StreetSignGenerator::3.0,copytopoints::2.0,4
AB::StreetSignGenerator::3.0,fuse::2.0,4
AB::StreetSignGenerator::3.0,polybevel::2.0,1
AB::StreetSignGenerator::3.0,polybevel::3.0,2
AB::StreetSignGenerator::3.0,polyextrude::2.0,2
AB::StreetSignGenerator::3.0,principledshader::2.0,3
AB::StreetSignGenerator::3.0,uvflatten::3.0,3
AB::SubdivideLots::2.0,boolean::2.0,1
AB::SubdivideLots::2.0,labs::color_adjustment,1
AB::SubdivideLots::2.0,labs::color_gradient,1
AB::SubdivideLots::2.0,labs::delete_small_parts,1
AB::SubdivideLots::2.0,measure::2.0,1
AB::SubdivideLots::2.0,polyextrude::2.0,3
AB::TowerGenerator::1.0,AB::MetalExtrusionMaker::2.0,2
AB::TowerGenerator::1.0,attribcreate::2.0,4
AB::TowerGenerator::1.0,bakeexports::2.0,2
AB::TowerGenerator::1.0,computelighting::2.0,1
AB::TowerGenerator::1.0,copytopoints::2.0,1
AB::TowerGenerator::1.0,fuse::2.0,4
AB::TowerGenerator::1.0,geometryvopglobal::2.0,1
AB::TowerGenerator::1.0,polybevel::3.0,3
AB::TowerGenerator::1.0,polyextrude::2.0,9
AB::TowerGenerator::1.0,principledshader::2.0,3
AB::TrashCanGenerator::2.0,copytopoints::2.0,1
AB::TrashCanGenerator::2.0,fuse::2.0,1
AB::TrashCanGenerator::2.0,pbrdiffuse::3.0,1
AB::TrashCanGenerator::2.0,polyextrude::2.0,7
AB::TrashCanGenerator::2.0,uvlayout::3.0,2
AB::UtilityPoleGenerator::3.0,AB::HardwareMaker::2.0,1
AB::UtilityPoleGenerator::3.0,attribcreate::2.0,13
AB::UtilityPoleGenerator::3.0,boolean::2.0,6
AB::UtilityPoleGenerator::3.0,copytopoints::2.0,1
AB::UtilityPoleGenerator::3.0,dissolve::2.0,5
AB::UtilityPoleGenerator::3.0,fuse::2.0,6
AB::UtilityPoleGenerator::3.0,geometryvopglobal::2.0,4
AB::UtilityPoleGenerator::3.0,polybevel::2.0,42
AB::UtilityPoleGenerator::3.0,polybevel::3.0,1
AB::UtilityPoleGenerator::3.0,polyextrude::2.0,71
AB::UtilityPoleGenerator::3.0,polysplit::2.0,6
AB::UtilityPoleGenerator::3.0,uvflatten::3.0,3
AB::UtilityPoleGenerator::3.0,uvlayout::3.0,10
AB::UtilityPoleGenerator::3.0,uvtransform::2.0,13
AB::VDBooleans::1.0,remesh::2.0,1
AB::VDBooleans::1.0,scatter::2.0,1
AB::ValveGenerator::2.0,boolean::2.0,1
AB::ValveGenerator::2.0,polybevel::2.0,1
AB::ValveGenerator::2.0,polyextrude::2.0,8
AB::ValveGenerator::2.0,uvlayout::3.0,1
AB::VentGenerator::2.0,AB::HardwareMaker::2.0,1
AB::VentGenerator::2.0,attribcreate::2.0,3
AB::VentGenerator::2.0,boolean::2.0,1
AB::VentGenerator::2.0,copytopoints::2.0,1
AB::VentGenerator::2.0,fuse::2.0,1
AB::VentGenerator::2.0,polybevel::3.0,4
AB::VentGenerator::2.0,polyextrude::2.0,13
AB::VentGenerator::2.0,uvflatten::3.0,2
AB::VentGenerator::2.0,uvlayout::3.0,3
AB::VexBrancher::1.0,geometryvopglobal::2.0,1
AB::VexBrancher::1.0,scatter::2.0,1
AB::VictorianHouses::1.1,AB::BuildingLightGenerator::2.0,1
AB::VictorianHouses::1.1,AB::DoorGenerator::4.0,1
AB::VictorianHouses::1.1,AB::DoorsCreateCopies::1.0,1
AB::VictorianHouses::1.1,AB::FancyCurves::2.0,2
AB::VictorianHouses::1.1,AB::GroupWalls::2.0,16
AB::VictorianHouses::1.1,AB::WindowGenerator::3.1,7
AB::VictorianHouses::1.1,AB::WindowsCreateCopies::2.0,11
AB::VictorianHouses::1.1,attribcreate::2.0,27
AB::VictorianHouses::1.1,clip::2.0,7
AB::VictorianHouses::1.1,copytopoints::2.0,17
AB::VictorianHouses::1.1,fuse::2.0,37
AB::VictorianHouses::1.1,polyextrude::2.0,29
AB::VictorianHouses::1.1,sweep::2.0,2
AB::VictorianHouses::1.1,uvflatten::3.0,2
AB::VictorianHouses::1.1,uvlayout::3.0,2
AB::VictorianHouses::1.1,uvtransform::2.0,1
AB::VisTools::1.0,polyextrude::2.0,2
AB::WallDestructionSystem::1.0,AOD::MOD::LowWalls::1.0,1
AB::WallDestructionSystem::1.0,AOD::extended_sweep::2.0,4
AB::WallDestructionSystem::1.0,attribcreate::2.0,4
AB::WallDestructionSystem::1.0,boolean::2.0,1
AB::WallDestructionSystem::1.0,collisionsource::2.0,2
AB::WallDestructionSystem::1.0,copytopoints::2.0,4
AB::WallDestructionSystem::1.0,fuse::2.0,8
AB::WallDestructionSystem::1.0,geometryvopglobal::2.0,3
AB::WallDestructionSystem::1.0,labs::measure_curvarture::2.0,1
AB::WallDestructionSystem::1.0,mountain::2.0,1
AB::WallDestructionSystem::1.0,polybevel::3.0,4
AB::WallDestructionSystem::1.0,polyextrude::2.0,33
AB::WallDestructionSystem::1.0,polyreduce::2.0,1
AB::WallDestructionSystem::1.0,remesh::2.0,1
AB::WallDestructionSystem::1.0,scatter::2.0,2
AB::WallDestructionSystem::1.0,sopsolver::2.0,1
AB::WallDestructionSystem::1.0,uvcoords::2.0,1
AB::WallDestructionSystem::1.0,uvflatten::3.0,1
AB::WallDestructionSystem::1.0,uvlayout::3.0,12
AB::WallDestructionSystem::1.0,uvtransform::2.0,5
AB::WallDestructionSystem::1.0,voronoifracture::2.0,1
AB::WaterTankGenerator::2.0,AB::HardwareMaker::2.0,1
AB::WaterTankGenerator::2.0,AB::MetalExtrusionMaker::2.0,1
AB::WaterTankGenerator::2.0,AB::TowerGenerator::1.0,1
AB::WaterTankGenerator::2.0,attribcreate::2.0,19
AB::WaterTankGenerator::2.0,bakeexports::2.0,4
AB::WaterTankGenerator::2.0,boolean::2.0,1
AB::WaterTankGenerator::2.0,computelighting::2.0,2
AB::WaterTankGenerator::2.0,copytopoints::2.0,3
AB::WaterTankGenerator::2.0,fuse::2.0,13
AB::WaterTankGenerator::2.0,labs::measure_curvature::3.0,1
AB::WaterTankGenerator::2.0,polybevel::3.0,7
AB::WaterTankGenerator::2.0,polyextrude::2.0,11
AB::WaterTankGenerator::2.0,principledshader::2.0,6
AB::WaterTankGenerator::2.0,uvflatten::3.0,5
AB::WaterTankGenerator::2.0,uvlayout::3.0,2
AB::WindowGenerator::3.1,AB::GroupWalls::2.0,9
AB::WindowGenerator::3.1,attribcreate::2.0,30
AB::WindowGenerator::3.1,boolean::2.0,3
AB::WindowGenerator::3.1,copytopoints::2.0,5
AB::WindowGenerator::3.1,fuse::2.0,12
AB::WindowGenerator::3.1,polybevel::2.0,2
AB::WindowGenerator::3.1,polybevel::3.0,12
AB::WindowGenerator::3.1,polyextrude::2.0,51
AB::WindowGenerator::3.1,polysplit::2.0,8
AB::WindowGenerator::3.1,uvflatten::3.0,2
AB::WindowGenerator::3.1,uvlayout::2.0,1
AB::WindowGenerator::3.1,uvlayout::3.0,7
AB::WindowGenerator::3.1,uvtransform::2.0,1
AB::WindowsCreateCopies::2.0,attribcreate::2.0,2
AB::WindowsCreateCopies::2.0,copytopoints::2.0,2
AB::WindowsCreateCopies::2.0,fuse::2.0,3
AB::WindowsCreateCopies::2.0,polyextrude::2.0,1
AB::WiresWithRings::1.0,geometryvopglobal::2.0,2
AB::WoodFractue::1.0,attribcreate::2.0,2
AB::WoodFractue::1.0,scatter::2.0,1
AB::WoodFractue::1.0,sopsolver::2.0,1
AB::WoodPlankGenerator::1.0,fuse::2.0,2
AB::WoodPlankGenerator::1.0,geometryvopglobal::2.0,1
AB::WoodPlankGenerator::1.0,polybevel::3.0,1
AB::WoodPlankGenerator::1.0,polyextrude::2.0,2
AB::WoodPlankGenerator::1.0,uvlayout::3.0,1
AB::WoodenPierGenerator::1.0,fuse::2.0,1
AB::WoodenPierGenerator::1.0,geometryvopglobal::2.0,2
AB::WoodenPierGenerator::1.0,polybevel::3.0,2
AB::WoodenPierGenerator::1.0,polyextrude::2.0,3
AB::WoodenPierGenerator::1.0,uvcoords::2.0,1
