tool,namespace,name,version,category,file,n_parms,n_inner_nodes,n_orphan_flags,unresolved_types,instantiate_error
AB::AirConCondeserGenerator::3.0,AB,AirConCondeserGenerator,3.0,Sop,U:/Git/AssetBashTools/Sops/BuildingProps/AB.AirConCondeserGenerator.1.0.hda,7,1793,53,,
AB::AntennaGenerator::3.0,AB,AntennaGenerator,3.0,Sop,U:/Git/AssetBashTools/Sops/BuildingProps/AB.AntennaGenerator.1.0.hda,7,23,0,,
AB::ApartmentRow::1.2,AB,ApartmentRow,1.2,Sop,U:/Git/AssetBashTools/Sops/Buildings/AB.ApartmentRow.1.2.hda,97,1730,156,,
AB::ArchGenerator::2.0,AB,ArchGenerator,2.0,Sop,U:/Git/AssetBashTools/Sops/Modeling/AB.ArchGenerator.2.0.hda,10,168,5,,
AB::ArchitecturalPlantOns::2.0,AB,ArchitecturalPlantOns,2.0,Sop,U:/Git/AssetBashTools/Sops/PlantOns/AB.ArchitecturalPlantOns.2.0.hda,3,747,6,,
AB::AwningGenerator::2.0,AB,AwningGenerator,2.0,Sop,U:/Git/AssetBashTools/Sops/BuildingProps/AB.AwningGenerator.2.0.hda,20,126,18,,
AB::BalconyGenerator::2.0,AB,BalconyGenerator,2.0,Sop,U:/Git/AssetBashTools/Sops/BuildingProps/AB.BalconyGenerator.2.0.hda,30,586,41,,
AB::BarbwireGenerator::2.0,AB,BarbwireGenerator,2.0,Sop,U:/Git/AssetBashTools/Sops/Modeling/AB.BarbwireGenerator.2.0.hda,20,62,7,,
AB::BillboardGenerator::2.1,AB,BillboardGenerator,2.1,Sop,U:/Git/AssetBashTools/Sops/Signs/AB.BillboardGenerator.2.1.hda,56,3065,240,,
AB::BlocksRGB::1.0,AB,BlocksRGB,1.0,Sop,U:/Git/AssetBashTools/Sops/CityGen/AB.BlocksRGB.1.0.hda,28,628,13,AOD::BlockSingle::1.3,
AB::BridgeGenerator::2.0,AB,BridgeGenerator,2.0,Sop,U:/Git/AssetBashTools/Sops/CityProps/AB.BridgeGenerator.2.0.hda,17,1118,101,,
AB::BuildingFootprintGenerator::1.0,AB,BuildingFootprintGenerator,1.0,Sop,U:/Git/AssetBashTools/Sops/Buildings/AB.BuildingFootprintGenerator.1.0.hda,6,186,58,,
AB::BuildingLightGenerator::2.1,AB,BuildingLightGenerator,2.1,Sop,U:/Git/AssetBashTools/Sops/BuildingProps/AB.BuildingLightGenerator.2.1.hda,34,284,29,,
AB::BusStopGenerator::2.0,AB,BusStopGenerator,2.0,Sop,U:/Git/AssetBashTools/Sops/CityProps/AB.BusStopGenerator.2.0.hda,27,160,23,,
AB::ButtonPanels::1.1,AB,ButtonPanels,1.1,Sop,U:/Git/AssetBashTools/Sops/Modeling/AB.ButtonPanels.1.1.hda,14,83,9,,
AB::CameraFrustrum::1.0,AB,CameraFrustrum,1.0,Object,U:/Git/AssetBashTools/Obj/Utilities/AB.CameraFrustrum.1.0.hda,63,95,5,,
AB::CameraPathToUE::1.0,AB,CameraPathToUE,1.0,Object,U:/Git/AssetBashTools/Obj/Utilities/AB.CameraPathToUE.1.0.hda,43,33,3,,
AB::CeramicPotGenerator::1.0,AB,CeramicPotGenerator,1.0,Sop,U:/Git/AssetBashTools/Sops/SetDressing/AB.CeramicPotGenerator.1.0.hda,0,70,0,,
AB::ChainGenerator::3.0,AB,ChainGenerator,3.0,Sop,U:/Git/AssetBashTools/Sops/Modeling/AB.ChainGenerator.3.0.hda,7,42,4,,
AB::CircularNoise::1.0,AB,CircularNoise,1.0,Sop,U:/Git/AssetBashTools/Sops/Utilities/AB.CircularNoise.1.0.hda,0,105,0,,
AB::CityGenerator::2.5,AB,CityGenerator,2.5,Sop,U:/Git/AssetBashTools/Sops/CityGen/AB.CityGenerator.2.5.hda,86,2211,98,,
AB::CityGridGenerator::1.4,AB,CityGridGenerator,1.4,Sop,U:/Git/AssetBashTools/Sops/CityGen/AB.CityGridGenerator.1.4.hda,52,1071,54,,
AB::CliffordAttractor::1.0,AB,CliffordAttractor,1.0,Sop,U:/Git/AssetBashTools/Sops/Scatters/AB.CliffordAttractor.1.0.hda,6,43,0,,
AB::ColorByVelocity::1.0,AB,ColorByVelocity,1.0,Sop,U:/Git/AssetBashTools/Sops/Utilities/AB.ColorByVelocity.1.0.hda,9,56,0,,
AB::CommercialSignGenerator::4.8,AB,CommercialSignGenerator,4.8,Sop,U:/Git/AssetBashTools/Sops/Signs/AB.CommercialSignGenerator.4.8.hda,98,1421,131,,
AB::CopyByDensity::1.0,AB,CopyByDensity,1.0,Sop,U:/Git/AssetBashTools/Sops/CopyTools/AB.CopyByDensity.1_0.hda,0,16,0,,
AB::CopyWithRotation::1.0,AB,CopyWithRotation,1.0,Sop,U:/Git/AssetBashTools/Sops/CopyTools/AB.CopyWithRotation.1.0.hda,0,55,1,,
AB::CreateCircuitCurves::2.0,AB,CreateCircuitCurves,2.0,Sop,U:/Git/AssetBashTools/Sops/Curves/AB.CreateCircuitCurves.2.0.hda,7,71,4,,
AB::CreateLODs::2.0,AB,CreateLODs,2.0,Sop,U:/Git/AssetBashTools/Sops/Utilities/AB.CreateLODs.2.0.hda,1,46,0,,
AB::CreateRGBNoise::1.0,AB,CreateRGBNoise,1.0,Sop,U:/Git/AssetBashTools/Sops/Utilities/AB.CreateRGBNoise.1.0.hda,25,69,0,,
AB::CrystalGenerator::1.0,AB,CrystalGenerator,1.0,Sop,U:/Git/AssetBashTools/Sops/Natural/AB.CrystalGenerator.1.0.hda,16,696,6,AOD::hero_crystal::1.0,
AB::CycGenerator::1.0,AB,CycGenerator,1.0,Sop,U:/Git/AssetBashTools/Sops/Modeling/AB.CycGenerator.1.0.hda,11,21,4,,
AB::DestructionBuilding::1.0,AB,DestructionBuilding,1.0,Sop,U:/Git/AssetBashTools/Sops/Buildings/AB.DestructionBuilding.1.0.hda,102,1270,145,,
AB::DomeGenerator::1.0,AB,DomeGenerator,1.0,Sop,U:/Git/AssetBashTools/Sops/BuildingProps/AB.DomeGenerator.1.0.hda,19,542,35,,
AB::DoorGenerator::4.0,AB,DoorGenerator,4.0,Sop,U:/Git/AssetBashTools/Sops/BuildingProps/AB.DoorGenerator.4.0.hda,64,4103,282,,
AB::DoorHardware::2.0,AB,DoorHardware,2.0,Sop,U:/Git/AssetBashTools/Sops/Parts/AB.DoorHardware.2.0.hda,60,756,43,,
AB::DoorsCreateCopies::1.2,AB,DoorsCreateCopies,1.2,Sop,U:/Git/AssetBashTools/Sops/BuildingHelpers/AB.DoorsCreateCopies.1.2.hda,17,134,7,,
AB::DowntownBuilding::3.6,AB,DowntownBuilding,3.6,Sop,U:/Git/AssetBashTools/Sops/Buildings/AB.DowntownBuilding.3.6.hda,106,1424,154,,
AB::DroopyWires::1.0,AB,DroopyWires,1.0,Sop,U:/Git/AssetBashTools/Sops/Modeling/AB.DroopyWires.1.0.hda,30,306,21,,
AB::ElectricBoxGenerator::2.0,AB,ElectricBoxGenerator,2.0,Sop,U:/Git/AssetBashTools/Sops/CityProps/AB.ElectricBoxGenerator.2.0.hda,23,84,11,,
AB::ElectricalParts::2.0,AB,ElectricalParts,2.0,Sop,U:/Git/AssetBashTools/Sops/Parts/AB.ElectricalParts.2.0.hda,3,570,5,,
AB::ElectricalPropGenerator::2.0,AB,ElectricalPropGenerator,2.0,Sop,U:/Git/AssetBashTools/Sops/BuildingProps/AB.ElectricalPropGenerator.2.0.hda,17,512,31,,
AB::ElectronicComponentGenerator::1.0,AB,ElectronicComponentGenerator,1.0,Sop,U:/Git/AssetBashTools/Sops/Parts/AB.ElectronicComponentGenerator.1.0.hda,12,366,19,,
AB::EngineAttributes::1.0,AB,EngineAttributes,1.0,Sop,U:/Git/AssetBashTools/Sops/Utilities/AB.EngineAttributes.1.0.hda,9,2,0,,
AB::EqualizerGraph::1.0,AB,EqualizerGraph,1.0,Sop,U:/Git/AssetBashTools/Sops/MotionGraphics/AB.EqualizerGraph.1.0.hda,11,25,3,,
AB::ExportPack::1.0,AB,ExportPack,1.0,Sop,U:/Git/AssetBashTools/Sops/Utilities/AB.ExportPack.1.0.hda,10,5,1,,
AB::ExtendedSweep::2.0,AB,ExtendedSweep,2.0,Sop,U:/Git/AssetBashTools/Sops/Modeling/AB.ExtendedSweep.2.0.hda,14,89,5,,
AB::FancyCurves::2.0,AB,FancyCurves,2.0,Sop,U:/Git/AssetBashTools/Sops/Curves/AB.FancyCurves.2.0.hda,53,282,24,,
AB::FireEscapeGenerator::2.0,AB,FireEscapeGenerator,2.0,Sop,U:/Git/AssetBashTools/Sops/BuildingProps/AB.FireEscapeGenerator.2.0.hda,30,437,19,,
AB::FireHydrantGenerator::2.0,AB,FireHydrantGenerator,2.0,Sop,U:/Git/AssetBashTools/Sops/CityProps/AB.FireHydrantGenerator.2.0.hda,5,1183,27,,
AB::FlangeGenerator::2.0,AB,FlangeGenerator,2.0,Sop,U:/Git/AssetBashTools/Sops/Parts/AB.FlangeGenerator.2.0.hda,19,19,6,,
AB::FloatingIslands::1.0,AB,FloatingIslands,1.0,Sop,U:/Git/AssetBashTools/Sops/Natural/AB.FloatingIslands.1.0.hda,68,410,11,,
AB::Flocking::1.0,AB,Flocking,1.0,Sop,U:/Git/AssetBashTools/Sops/Scatters/AB.Flocking.1.0.hda,21,118,3,,
AB::FlowerDesigner::1.0,AB,FlowerDesigner,1.0,Sop,U:/Git/AssetBashTools/Sops/Natural/AB.FlowerDesigner.1.0.hda,16,758,41,,
AB::FlowerGenerator::1.0,AB,FlowerGenerator,1.0,Sop,U:/Git/AssetBashTools/Sops/Natural/AB.FlowerGenerator.1.0.hda,13,616,19,,
AB::FuturisticBuildings::2.2,AB,FuturisticBuildings,2.2,Sop,U:/Git/AssetBashTools/Sops/Buildings/AB.FuturisticBuildings.2.2.hda,24,615,37,,
AB::GraphicSigns::2.0,AB,GraphicSigns,2.0,Sop,U:/Git/AssetBashTools/Sops/Signs/AB.GraphicSigns.2.0.hda,38,142,41,,
AB::GrassGenerator::1.0,AB,GrassGenerator,1.0,Sop,U:/Git/AssetBashTools/Sops/WorldBuilding/AB.GrassGenerator.1.0.hda,0,127,0,,
AB::GroupWalls::2.0,AB,GroupWalls,2.0,Sop,U:/Git/AssetBashTools/Sops/BuildingHelpers/AB.GroupWalls.2.0.hda,0,7,0,,
AB::GrowthFromPoints::1.0,AB,GrowthFromPoints,1.0,Sop,U:/Git/AssetBashTools/Sops/MotionGraphics/AB.GrowthFromPoints.1.0.hda,10,197,4,,
AB::HandrailGenerator::3.0,AB,HandrailGenerator,3.0,Sop,U:/Git/AssetBashTools/Sops/CityProps/AB.HandrailGenerator.3.0.hda,10,113,23,,
AB::HangingClothGenerator::1.5,AB,HangingClothGenerator,1.5,Sop,U:/Git/AssetBashTools/Sops/SetDressing/AB.HangingClothGenerator.1.5.hda,26,318,24,,
AB::HardwareMaker::2.0,AB,HardwareMaker,2.0,Sop,U:/Git/AssetBashTools/Sops/Parts/AB.HardwareMaker.2.0.hda,36,481,26,,
AB::HayBaleGenerator::1.0,AB,HayBaleGenerator,1.0,Sop,U:/Git/AssetBashTools/Sops/SetDressing/AB.HayBaleGenerator.1.0.hda,8,153,7,,
AB::HighwaySignGenerator::5.0,AB,HighwaySignGenerator,5.0,Sop,U:/Git/AssetBashTools/Sops/Signs/AB.HighwaySignGenerator.5.0.hda,81,1594,149,,
AB::HudMaker::2.0,AB,HudMaker,2.0,Sop,U:/Git/AssetBashTools/Sops/MotionGraphics/AB.HudMaker.2.0.hda,16,435,38,,
AB::IndustrialBuildings::2.1,AB,IndustrialBuildings,2.1,Sop,U:/Git/AssetBashTools/Sops/Buildings/AB.IndustrialBuildings.2.1.hda,58,448,44,,
AB::LadderGenerator::2.0,AB,LadderGenerator,2.0,Sop,U:/Git/AssetBashTools/Sops/BuildingProps/AB.LadderGenerator.2.0.hda,14,185,7,,
AB::LargeWalls::1.0,AB,LargeWalls,1.0,Sop,U:/Git/AssetBashTools/Sops/BuildingProps/AB.LargeWalls.1.0.hda,0,216,12,,
AB::LightningMaker::1.5,AB,LightningMaker,1.5,Object,U:/Git/AssetBashTools/Obj/VFX/AB.LightningMaker.1.5.hda,76,218,12,,
AB::LowPolyTrees::2.0,AB,LowPolyTrees,2.0,Sop,U:/Git/AssetBashTools/Sops/Natural/AB.LowPolyTrees.2.0.hda,40,446,8,bend_ql,
AB::LowWalls::1.1,AB,LowWalls,1.1,Sop,U:/Git/AssetBashTools/Sops/BuildingProps/AB.LowWalls.1.1.hda,7,384,17,,
AB::MModulesArtDeco::2.0,AB,MModulesArtDeco,2.0,Sop,U:/Git/AssetBashTools/Sops/Modules/AB.ModulesArtDeco.2.0.hda,0,487,0,,
AB::MailBoxGenerator::2.0,AB,MailBoxGenerator,2.0,Sop,U:/Git/AssetBashTools/Sops/CityProps/AB.MailBoxGenerator.2.0.hda,19,91,13,,
AB::ManhattenDistance::2.0,AB,ManhattenDistance,2.0,Sop,U:/Git/AssetBashTools/Sops/Panels/AB.ManhattenDistance.2.0.hda,4,60,7,,
AB::MaterialAssignments::1.0,AB,MaterialAssignments,1.0,Sop,U:/Git/AssetBashTools/Sops/Utilities/AB.MaterialAssignments.1.0.hda,0,11,2,,
AB::MaterialBinding::1.0,AB,MaterialBinding,1.0,Sop,U:/Git/AssetBashTools/Sops/Utilities/AB.MaterialBinding.1.0.hda,6,2,0,,
AB::MaterialLibrary::1.0,AB,MaterialLibrary,1.0,Sop,U:/Git/AssetBashTools/Sops/Utilities/AB.MaterialLibrary.1.0.hda,9,3,0,,
AB::MetalExtrusionMaker::2.0,AB,MetalExtrusionMaker,2.0,Sop,U:/Git/AssetBashTools/Sops/Curves/AB.MetalExtrusionMaker.2.0.hda,10,40,8,,
AB::ModernLightGenerator::1.0,AB,ModernLightGenerator,1.0,Sop,U:/Git/AssetBashTools/Sops/BuildingProps/AB.ModernLightGenerator.1.0.hda,3,111,2,,
AB::ModuleAssembler::1.0,AB,ModuleAssembler,1.0,Sop,U:/Git/AssetBashTools/Sops/Modules/AB.ModuleAssembler.1.0.hda,0,92,1,,
AB::ModulesBrutalist::1.0,AB,ModulesBrutalist,1.0,Sop,U:/Git/AssetBashTools/Sops/Modules/AB.ModulesBrutalist.1.0.hda,0,251,2,,
AB::ModulesClassical::1.0,AB,ModulesClassical,1.0,Sop,U:/Git/AssetBashTools/Sops/Modules/AB.ModulesClassical.2.0.hda,4,1181,9,AOD::MOD::FireEscapeMaker::1.5,
AB::ModulesCyberPunk::2.0,AB,ModulesCyberPunk,2.0,Sop,U:/Git/AssetBashTools/Sops/Modules/AB.ModulesCyberPunk.2.0.hda,2,1047,15,,
AB::ModulesGothic::2.0,AB,ModulesGothic,2.0,Sop,U:/Git/AssetBashTools/Sops/Modules/AB.ModulesGothic.2.0.hda,12,3918,51,AB::GT_rosette_window_001::1.0 AB::gt_rampart_mod_01 AOD::arch_creator::1.0 AOD::connect_and_partition::1.0 AOD::fancy_curves::1.0 AOD::stair_generator::1.0,
AB::ModulesModernist::1.0,AB,ModulesModernist,1.0,Sop,U:/Git/AssetBashTools/Sops/Modules/AB..ModulesModernist.1.0.hda,0,200,0,,
AB::ModulesSkyscrapers::2.0,AB,ModulesSkyscrapers,2.0,Sop,U:/Git/AssetBashTools/Sops/Modules/AB.ModulesSkyscrapers.2.0.hda,0,55,0,,
AB::MultiAxisPointScatter::1.0,AB,MultiAxisPointScatter,1.0,Sop,U:/Git/AssetBashTools/Sops/Scatters/AB.MultiAxisPointScatter.1.0.hda,7,55,3,,
AB::NeonRainbows::1.0,AB,NeonRainbows,1.0,Sop,U:/Git/AssetBashTools/Sops/MotionGraphics/AB.NeonRainbows.1.0.hda,15,82,7,,
AB::NoisyGrid::1.0,AB,NoisyGrid,1.0,Sop,U:/Git/AssetBashTools/Sops/Modeling/AB.NoisyGrid.1.0.hda,22,72,3,,
AB::PanelGenerator::2.0,AB,PanelGenerator,2.0,Sop,U:/Git/AssetBashTools/Sops/Panels/AB.PanelGenerator.2.0.hda,10,19,1,,
AB::PhylotaxisScatter::1.0,AB,PhylotaxisScatter,1.0,Sop,U:/Git/AssetBashTools/Sops/Scatters/AB..PhylotaxisScatter.1.0.hda,2,2,1,,
AB::PipeCreator::2.0,AB,PipeCreator,2.0,Sop,U:/Git/AssetBashTools/Sops/Modeling/AB.PipeCreator.2.0.hda,10,484,41,,
AB::PipesAndEnds::1.0,AB,PipesAndEnds,1.0,Sop,U:/Git/AssetBashTools/Sops/Parts/AB.PipesAndEnds.1.0.hda,4,254,9,,
AB::PlantOnsFuturistic::2.0,AB,PlantOnsFuturistic,2.0,Sop,U:/Git/AssetBashTools/Sops/PlantOns/AB.PlantOnsFuturistic.2.0.hda,3,137,18,,
AB::PlanterGenerator::2.0,AB,PlanterGenerator,2.0,Sop,U:/Git/AssetBashTools/Sops/CityProps/AB.PlanterGenerator.2.0.hda,5,98,0,,
AB::PointBlends::1.0,AB,PointBlends,1.0,Sop,U:/Git/AssetBashTools/Sops/MotionGraphics/AB.PointBlends.1.0.hda,0,59,4,,
AB::PoleGenerator::1.0,AB,PoleGenerator,1.0,Sop,U:/Git/AssetBashTools/Sops/Signs/AB.PoleGenerator.1.0.hda,18,185,27,,
AB::PythonScripter::1.0,AB,PythonScripter,1.0,Sop,U:/Git/AssetBashTools/Sops/Utilities/AB.PythonScripter.1.0.hda,2,1,0,,
AB::RadialFalloff::1.0,AB,RadialFalloff,1.0,Sop,U:/Git/AssetBashTools/Sops/Utilities/AB.RadialFalloff.1.0.hda,2,1,0,,
AB::RadialPointSort::1.0,AB,RadialPointSort,1.0,Sop,U:/Git/AssetBashTools/Sops/Utilities/AB.RadialPointSort.1.0.hda,0,47,0,,
AB::RadialScatter::1.5,AB,RadialScatter,1.5,Sop,U:/Git/AssetBashTools/Sops/Utilities/AB.RadialScatter.1.5.hda,13,50,3,,
AB::RadialScatterVex::1.0,AB,RadialScatterVex,1.0,Sop,U:/Git/AssetBashTools/Sops/Scatters/AB.RadialScatterVex.1.0.hda,4,2,0,,
AB::RadialSmoothNoise::1.0,AB,RadialSmoothNoise,1.0,Sop,U:/Git/AssetBashTools/Sops/Utilities/AB.RadialSmoothNoise.1.0.hda,0,105,1,,
AB::RandomArcs::1.0,AB,RandomArcs,1.0,Sop,U:/Git/AssetBashTools/Sops/MotionGraphics/AB.RandomArcs.1.0.hda,5,2,1,,
AB::ResortGenerator::3.0,AB,ResortGenerator,3.0,Sop,U:/Git/AssetBashTools/Sops/Buildings/AB.ResortGenerator.3.0.hda,51,406,32,,
AB::RetailBuildings::3.2,AB,RetailBuildings,3.2,Sop,U:/Git/AssetBashTools/Sops/Buildings/AB.RetailBuildings.3.2.hda,56,481,63,,
AB::RoadSimpleGenerator::3.4,AB,RoadSimpleGenerator,3.4,Sop,U:/Git/AssetBashTools/Sops/WorldBuilding/AB.RoadSimpleGenerator.3.4.hda,71,2293,157,,
AB::RoadTerrainGenerator::2.9,AB,RoadTerrainGenerator,2.9,Sop,U:/Git/AssetBashTools/Sops/WorldBuilding/AB.RoadTerrainGenerator.2.9.hda,18,903,28,AOD::MOD::UtilityPoleKaker::2.5 AOD::connect_and_partition::1.0,
AB::RockClumps::2.0,AB,RockClumps,2.0,Sop,U:/Git/AssetBashTools/Sops/Modeling/AB.RockClumps.2.0.hda,18,214,2,,
AB::RockMaker::2.0,AB,RockMaker,2.0,Sop,U:/Git/AssetBashTools/Sops/Natural/AB.RockMaker.2.0.hda,57,304,1,,
AB::RocksArched::2.0,AB,RocksArched,2.0,Sop,U:/Git/AssetBashTools/Sops/Natural/AB.RocksArched.2.0.hda,16,172,2,,
AB::RoofTopSignGenerator::4.8,AB,RoofTopSignGenerator,4.8,Sop,U:/Git/AssetBashTools/Sops/Signs/AB.RoofTopSignGenerator.4.8.hda,78,682,71,,
AB::RoofVentGenerator::3.0,AB,RoofVentGenerator,3.0,Sop,U:/Git/AssetBashTools/Sops/BuildingProps/AB.RoofVentGenerator.3.0.hda,46,941,41,,
AB::RooftopMechanicals::3.0,AB,RooftopMechanicals,3.0,Sop,U:/Git/AssetBashTools/Sops/BuildingProps/AB.RooftopMechanicals.3.0.hda,27,630,48,,
AB::RooftopProcessor::1.0,AB,RooftopProcessor,1.0,Sop,U:/Git/AssetBashTools/Sops/BuildingHelpers/AB.RooftopProcessor.1.0.hda,0,108,3,,
AB::SateliteDishGenerator::3.0,AB,SateliteDishGenerator,3.0,Sop,U:/Git/AssetBashTools/Sops/BuildingProps/AB.SateliteDishGenerator.1.0.hda,7,64,4,,
AB::ShippingContainers::4.0,AB,ShippingContainers,4.0,Sop,U:/Git/AssetBashTools/Sops/CityProps/AB.ShippingContainers.4.0.hda,1,246,11,,
AB::SidewalkProcessor::1.0,AB,SidewalkProcessor,1.0,Sop,U:/Git/AssetBashTools/Sops/CityHelpers/AB.SidewalkProcessor.1.0.hda,1,71,0,,
AB::SignHighway::2.0,AB,SignHighway,2.0,Sop,U:/Git/AssetBashTools/Sops/Signs/AB.SignHighway.2.0.hda,20,229,28,,
AB::SignLibrary::1.0,AB,SignLibrary,1.0,Sop,U:/Git/AssetBashTools/Sops/Signs/AB.SignLibrary.1.0.hda,19,40,4,,
AB::SignPlate::1.0,AB,SignPlate,1.0,Sop,U:/Git/AssetBashTools/Sops/Signs/AB.SignPlate.1.0.hda,21,19,5,,
AB::SimplePipe::2.0,AB,SimplePipe,2.0,Sop,U:/Git/AssetBashTools/Sops/Parts/AB.SimplePipe.2.0.hda,13,46,11,,
AB::SingleBlockGenerator::2.0,AB,SingleBlockGenerator,2.0,Sop,U:/Git/AssetBashTools/Sops/CityGen/AB.SingleBlockGenerator.2.0.hda,8,1315,97,,
AB::SkylightGenerator::2.0,AB,SkylightGenerator,2.0,Sop,U:/Git/AssetBashTools/Sops/BuildingProps/AB.SkylightGenerator.2.0.hda,28,111,13,,
AB::SkyscraperGenerator::2.1,AB,SkyscraperGenerator,2.1,Sop,U:/Git/AssetBashTools/Sops/Buildings/AB.SkyscraperGenerator.2.1.hda,75,2061,172,,
AB::SmallBridgeGenerator::1.0,AB,SmallBridgeGenerator,1.0,Sop,U:/Git/AssetBashTools/Sops/SetDressing/AB.SmallBridgeGenerator.0.5.hda,10,47,6,,
AB::SolarPanelGenerator::3.0,AB,SolarPanelGenerator,3.0,Sop,U:/Git/AssetBashTools/Sops/BuildingProps/AB.SolarPanelGenerator.3.0.hda,16,947,31,,
AB::SpaceFillingCircuit::1.0,AB,SpaceFillingCircuit,1.0,Sop,U:/Git/AssetBashTools/Sops/MotionGraphics/AB.SpaceFillingCircuit.1.0.hda,7,42,5,,
AB::SplashTool::1.0,AB,SplashTool,1.0,Sop,U:/Git/AssetBashTools/Sops/VFX/AB.SplashTool.1.0.hda,7,80,5,pc_gapfiller,
AB::StairGenerator::1.0,AB,StairGenerator,1.0,Sop,U:/Git/AssetBashTools/Sops/BuildingProps/AB.StairGenerator.1.0.hda,9,319,13,AOD::connect_and_partition::1.0,
AB::StairwayTops::3.0,AB,StairwayTops,3.0,Sop,U:/Git/AssetBashTools/Sops/BuildingProps/AB.StairwayTops.3.0.hda,52,1626,123,,
AB::StreetLightGenerator::2.2,AB,StreetLightGenerator,2.2,Sop,U:/Git/AssetBashTools/Sops/CityProps/AB.StreetLightGenerator.2.2.hda,117,3588,154,,
AB::StreetSignGenerator::3.0,AB,StreetSignGenerator,3.0,Sop,U:/Git/AssetBashTools/Sops/Signs/AB.StreetSignGenerator.3.0.hda,30,181,20,,
AB::SubdivideLots::2.0,AB,SubdivideLots,2.0,Sop,U:/Git/AssetBashTools/Sops/CityGen/AB.SubdivideLots.2.0.hda,15,86,11,,
AB::SuperFormula::1.0,AB,SuperFormula,1.0,Sop,U:/Git/AssetBashTools/Sops/Modeling/AB.SuperFormula.1.0.hda,3,2,1,,
AB::TowerGenerator::1.0,AB,TowerGenerator,1.0,Sop,U:/Git/AssetBashTools/Sops/CityProps/AB.TowerGenerator.1.0.hda,16,519,46,,
AB::TrashCanGenerator::2.0,AB,TrashCanGenerator,2.0,Sop,U:/Git/AssetBashTools/Sops/CityProps/AB.TrashCanGenerator.2.0.hda,16,227,8,,
AB::UnrealTerrainWrite::1.0,AB,UnrealTerrainWrite,1.0,Sop,U:/Git/AssetBashTools/Sops/Utilities/AB.UnrealTerrainWrite.1.0.hda,2,1,0,,
AB::UtilityPoleGenerator::3.0,AB,UtilityPoleGenerator,3.0,Sop,U:/Git/AssetBashTools/Sops/CityProps/AB.UtilityPoleGenerator.3.0.hda,47,1141,25,,
AB::VDBooleans::1.0,AB,VDBooleans,1.0,Sop,U:/Git/AssetBashTools/Sops/Volume/AB.VDBBooleans.1.0.hda,0,14,1,,
AB::ValveGenerator::2.0,AB,ValveGenerator,2.0,Sop,U:/Git/AssetBashTools/Sops/Parts/AB.ValveGenerator.2.0.hda,1,39,1,,
AB::VentGenerator::2.0,AB,VentGenerator,2.0,Sop,U:/Git/AssetBashTools/Sops/Parts/AB.VentGenerator.2.0.hda,30,156,17,,
AB::VexBrancher::1.0,AB,VexBrancher,1.0,Sop,U:/Git/AssetBashTools/Sops/Modeling/AB.VexBrancher.1.0.hda,0,78,3,,
AB::VictorianHouses::1.1,AB,VictorianHouses,1.1,Sop,U:/Git/AssetBashTools/Sops/Buildings/AB.VictorianHouses.1.1.hda,92,1421,147,,
AB::VisTools::1.0,AB,VisTools,1.0,Sop,U:/Git/AssetBashTools/Sops/Utilities/AB.VisTools.1.0.hda,0,16,1,,
AB::WallDestructionSystem::1.0,AB,WallDestructionSystem,1.0,Object,U:/Git/AssetBashTools/Obj/VFX/AB.WallDestructionSystem.1.0.hda,36,531,23,AOD::MOD::LowWalls::1.0 AOD::extended_sweep::2.0,
AB::WaterTankGenerator::2.0,AB,WaterTankGenerator,2.0,Sop,U:/Git/AssetBashTools/Sops/BuildingProps/AB.WaterTankGenerator.2.0.hda,30,1070,91,,
AB::WindowGenerator::3.1,AB,WindowGenerator,3.1,Sop,U:/Git/AssetBashTools/Sops/BuildingProps/AB.WindowGenerator.3.1.hda,92,1024,128,,
AB::WindowsCreateCopies::2.0,AB,WindowsCreateCopies,2.0,Sop,U:/Git/AssetBashTools/Sops/BuildingHelpers/AB.WindowsCreateCopies.2.0.hda,5,86,7,,
AB::WiresWithRings::1.0,AB,WiresWithRings,1.0,Sop,U:/Git/AssetBashTools/Sops/Modeling/AB.WiresWithRings.1.0.1.0.hda,9,174,7,,
AB::WoodFractue::1.0,AB,WoodFractue,1.0,Object,U:/Git/AssetBashTools/Obj/VFX/AB.WoodFractue.1.0.hda,36,37,5,,
AB::WoodPlankGenerator::1.0,AB,WoodPlankGenerator,1.0,Sop,U:/Git/AssetBashTools/Sops/Modeling/AB.WoodPlankGenerator.1.0.1.0.hda,12,74,4,,
AB::WoodenPierGenerator::1.0,AB,WoodenPierGenerator,1.0,Sop,U:/Git/AssetBashTools/Sops/SetDressing/AB.WoodenPierGenerator.1.0.hda,3,146,5,,
AB::ZoneAudit::1.0,AB,ZoneAudit,1.0,Sop,U:/Git/AssetBashTools/Sops/Utilities/AB.ZoneAudit.1.0.hda,4,2,0,,
